id_jugador,nombre,apellido,edad,fecha_nacimiento,lugar_nacimiento,pais_nacimiento,nacionalidad,altura,peso,lesionado,foto,id_equipo,nombre_equipo,logo_equipo,id_liga,nombre_liga,pais_liga,logo_liga,temporada,posicion,partidos_jugados,partidos_titular,minutos_jugados,rating,capitan,goles_total,goles_concedidos,asistencias,salvadas,pases_total,pases_key,pases_precision,tiros_total,tiros_al_arco,goles_pie_izq,goles_pie_der,goles_cabeza,goles_otros,tarjetas_amarillas,tarjetas_rojas,tarjetas_doble_amarilla,penales_anotados,penales_fallados,penales_atajados,regates_intentos,regates_exitosos,regates_fallidos,duelos_total,duelos_ganados,faltas_cometidas,faltas_recibidas
10182,F. Uribe,Uribe Hincapié,36,1988-01-01,Pereira,Colombia,Colombia,182 cm,77 kg,False,https://media.api-sports.io/football/players/10182.png,1125,Millonarios,https://media.api-sports.io/football/teams/1125.png,239,Primera A,Colombia,https://media.api-sports.io/football/leagues/239.png,2023,Attacker,0,11.0,1229.0,6.529411,False,4.0,0.0,,,272.0,10.0,,17.0,9.0,0,0,0,0,3.0,0.0,0.0,0.0,0.0,,3.0,1.0,,71.0,29.0,9.0,4.0
10182,F. Uribe,Uribe Hincapié,36,1988-01-01,Pereira,Colombia,Colombia,182 cm,77 kg,False,https://media.api-sports.io/football/players/10182.png,1125,Millonarios,https://media.api-sports.io/football/teams/1125.png,241,Copa Colombia,Colombia,https://media.api-sports.io/football/leagues/241.png,2023,Attacker,0,0.0,93.0,,False,0.0,,,,,,,,,0,0,0,0,0.0,0.0,0.0,,,,,,,,,,
10182,F. Uribe,Uribe Hincapié,36,1988-01-01,Pereira,Colombia,Colombia,182 cm,77 kg,False,https://media.api-sports.io/football/players/10182.png,1125,Millonarios,https://media.api-sports.io/football/teams/1125.png,11,CONMEBOL Sudamericana,World,https://media.api-sports.io/football/leagues/11.png,2023,Attacker,0,1.0,100.0,6.400000,False,0.0,0.0,,,24.0,1.0,,,,0,0,0,0,0.0,0.0,0.0,0.0,0.0,,2.0,1.0,,9.0,3.0,1.0,
10182,F. Uribe,Uribe Hincapié,36,1988-01-01,Pereira,Colombia,Colombia,182 cm,77 kg,False,https://media.api-sports.io/football/players/10182.png,1125,Millonarios,https://media.api-sports.io/football/teams/1125.png,667,Friendlies Clubs,World,https://media.api-sports.io/football/leagues/667.png,2023,Attacker,0,0.0,0.0,,False,0.0,,,,,,,,,0,0,0,0,0.0,0.0,0.0,,,,,,,,,,
10182,F. Uribe,Uribe Hincapié,36,1988-01-01,Pereira,Colombia,Colombia,182 cm,77 kg,False,https://media.api-sports.io/football/players/10182.png,1125,Millonarios,https://media.api-sports.io/football/teams/1125.png,13,CONMEBOL Libertadores,World,https://media.api-sports.io/football/leagues/13.png,2023,Attacker,0,0.0,72.0,6.766666,False,1.0,0.0,,,22.0,,,1.0,1.0,0,0,0,0,0.0,0.0,0.0,0.0,0.0,,,,,4.0,1.0,,1.0
13373,L. Vásquez,Vásquez Ortega,34,1991-09-19,El Zulia,Colombia,Colombia,185 cm,85 kg,False,https://media.api-sports.io/football/players/13373.png,1125,Millonarios,https://media.api-sports.io/football/teams/1125.png,239,Primera A,Colombia,https://media.api-sports.io/football/leagues/239.png,2023,Midfielder,0,28.0,2616.0,6.897222,False,2.0,0.0,,,1432.0,21.0,,14.0,3.0,0,0,0,0,10.0,0.0,0.0,0.0,0.0,,16.0,8.0,,212.0,109.0,33.0,19.0
13373,L. Vásquez,Vásquez Ortega,34,1991-09-19,El Zulia,Colombia,Colombia,185 cm,85 kg,False,https://media.api-sports.io/football/players/13373.png,1125,Millonarios,https://media.api-sports.io/football/teams/1125.png,241,Copa Colombia,Colombia,https://media.api-sports.io/football/leagues/241.png,2023,Midfielder,0,3.0,314.0,,False,0.0,,,,,,,,,0,0,0,0,0.0,0.0,0.0,,,,,,,,,,
13373,L. Vásquez,Vásquez Ortega,34,1991-09-19,El Zulia,Colombia,Colombia,185 cm,85 kg,False,https://media.api-sports.io/football/players/13373.png,1125,Millonarios,https://media.api-sports.io/football/teams/1125.png,13,CONMEBOL Libertadores,World,https://media.api-sports.io/football/leagues/13.png,2023,Midfielder,0,3.0,252.0,6.800000,False,0.0,0.0,,,185.0,2.0,55.0,1.0,,0,0,0,0,2.0,0.0,0.0,0.0,0.0,,5.0,2.0,,32.0,12.0,4.0,2.0
13373,L. Vásquez,Vásquez Ortega,34,1991-09-19,El Zulia,Colombia,Colombia,185 cm,85 kg,False,https://media.api-sports.io/football/players/13373.png,1125,Millonarios,https://media.api-sports.io/football/teams/1125.png,11,CONMEBOL Sudamericana,World,https://media.api-sports.io/football/leagues/11.png,2023,Midfielder,0,4.0,385.0,6.980000,False,0.0,0.0,,,324.0,,47.0,3.0,2.0,0,0,0,0,1.0,0.0,0.0,0.0,0.0,,6.0,5.0,,50.0,25.0,11.0,3.0
13373,L. Vásquez,Vásquez Ortega,34,1991-09-19,El Zulia,Colombia,Colombia,185 cm,85 kg,False,https://media.api-sports.io/football/players/13373.png,1125,Millonarios,https://media.api-sports.io/football/teams/1125.png,667,Friendlies Clubs,World,https://media.api-sports.io/football/leagues/667.png,2023,Midfielder,0,0.0,13.0,,False,0.0,,,,,,,,,0,0,0,0,0.0,0.0,0.0,,,,,,,,,,
13436,D. Giraldo,Giraldo Cárdenas,33,1992-07-01,Cali,Colombia,Colombia,178 cm,71 kg,False,https://media.api-sports.io/football/players/13436.png,1125,Millonarios,https://media.api-sports.io/football/teams/1125.png,239,Primera A,Colombia,https://media.api-sports.io/football/leagues/239.png,2023,Midfielder,0,35.0,2980.0,6.792307,False,1.0,0.0,1.0,,1685.0,23.0,,14.0,5.0,0,0,0,0,11.0,1.0,0.0,0.0,0.0,,13.0,6.0,,209.0,113.0,42.0,32.0
13436,D. Giraldo,Giraldo Cárdenas,33,1992-07-01,Cali,Colombia,Colombia,178 cm,71 kg,False,https://media.api-sports.io/football/players/13436.png,1125,Millonarios,https://media.api-sports.io/football/teams/1125.png,241,Copa Colombia,Colombia,https://media.api-sports.io/football/leagues/241.png,2023,Midfielder,0,6.0,530.0,,False,0.0,,,,,,,,,0,0,0,0,1.0,0.0,0.0,,,,,,,,,,
13436,D. Giraldo,Giraldo Cárdenas,33,1992-07-01,Cali,Colombia,Colombia,178 cm,71 kg,False,https://media.api-sports.io/football/players/13436.png,1125,Millonarios,https://media.api-sports.io/football/teams/1125.png,11,CONMEBOL Sudamericana,World,https://media.api-sports.io/football/leagues/11.png,2023,Midfielder,0,6.0,530.0,6.616666,False,0.0,0.0,,,376.0,2.0,57.0,3.0,,0,0,0,0,2.0,0.0,0.0,0.0,0.0,,5.0,2.0,,48.0,15.0,9.0,2.0
13436,D. Giraldo,Giraldo Cárdenas,33,1992-07-01,Cali,Colombia,Colombia,178 cm,71 kg,False,https://media.api-sports.io/football/players/13436.png,1125,Millonarios,https://media.api-sports.io/football/teams/1125.png,667,Friendlies Clubs,World,https://media.api-sports.io/football/leagues/667.png,2023,Midfielder,0,1.0,90.0,,False,0.0,,,,,,,,,0,0,0,0,1.0,0.0,0.0,,,,,,,,,,
13436,D. Giraldo,Giraldo Cárdenas,33,1992-07-01,Cali,Colombia,Colombia,178 cm,71 kg,False,https://media.api-sports.io/football/players/13436.png,1125,Millonarios,https://media.api-sports.io/football/teams/1125.png,13,CONMEBOL Libertadores,World,https://media.api-sports.io/football/leagues/13.png,2023,Midfielder,0,4.0,306.0,6.650000,False,0.0,0.0,,,181.0,3.0,40.0,1.0,,0,0,0,0,1.0,0.0,0.0,0.0,0.0,,2.0,1.0,,31.0,15.0,7.0,4.0
13504,E. Perlaza,Perlaza Lara,36,1989-03-07,Cartagena,Colombia,Colombia,172 cm,75 kg,False,https://media.api-sports.io/football/players/13504.png,1125,Millonarios,https://media.api-sports.io/football/teams/1125.png,239,Primera A,Colombia,https://media.api-sports.io/football/leagues/239.png,2023,Defender,0,26.0,2221.0,6.666666,False,0.0,0.0,1.0,,1054.0,20.0,,2.0,,0,0,0,0,10.0,0.0,0.0,0.0,0.0,,9.0,3.0,,168.0,79.0,36.0,21.0
13504,E. Perlaza,Perlaza Lara,36,1989-03-07,Cartagena,Colombia,Colombia,172 cm,75 kg,False,https://media.api-sports.io/football/players/13504.png,1125,Millonarios,https://media.api-sports.io/football/teams/1125.png,241,Copa Colombia,Colombia,https://media.api-sports.io/football/leagues/241.png,2023,Defender,0,1.0,90.0,,False,0.0,,,,,,,,,0,0,0,0,0.0,0.0,0.0,,,,,,,,,,
13504,E. Perlaza,Perlaza Lara,36,1989-03-07,Cartagena,Colombia,Colombia,172 cm,75 kg,False,https://media.api-sports.io/football/players/13504.png,1125,Millonarios,https://media.api-sports.io/football/teams/1125.png,11,CONMEBOL Sudamericana,World,https://media.api-sports.io/football/leagues/11.png,2023,Defender,0,6.0,540.0,7.033333,False,1.0,0.0,,,377.0,8.0,51.0,1.0,1.0,0,0,0,0,1.0,0.0,0.0,0.0,0.0,,12.0,8.0,,57.0,30.0,10.0,5.0
13504,E. Perlaza,Perlaza Lara,36,1989-03-07,Cartagena,Colombia,Colombia,172 cm,75 kg,False,https://media.api-sports.io/football/players/13504.png,1125,Millonarios,https://media.api-sports.io/football/teams/1125.png,667,Friendlies Clubs,World,https://media.api-sports.io/football/leagues/667.png,2023,Defender,0,1.0,68.0,,False,0.0,,,,,,,,,0,0,0,0,0.0,0.0,0.0,,,,,,,,,,
13504,E. Perlaza,Perlaza Lara,36,1989-03-07,Cartagena,Colombia,Colombia,172 cm,75 kg,False,https://media.api-sports.io/football/players/13504.png,1125,Millonarios,https://media.api-sports.io/football/teams/1125.png,13,CONMEBOL Libertadores,World,https://media.api-sports.io/football/leagues/13.png,2023,Defender,0,4.0,316.0,6.875000,False,0.0,0.0,,,186.0,2.0,40.0,1.0,,0,0,0,0,1.0,0.0,0.0,0.0,0.0,,4.0,4.0,,34.0,19.0,4.0,3.0
13597,L. Ruiz,Ruiz Morales,36,1987-01-08,Santa Marta,Colombia,Colombia,182 cm,77 kg,False,https://media.api-sports.io/football/players/13597.png,1125,Millonarios,https://media.api-sports.io/football/teams/1125.png,239,Primera A,Colombia,https://media.api-sports.io/football/leagues/239.png,2023,Attacker,0,4.0,362.0,6.711111,False,1.0,0.0,1.0,,95.0,4.0,,4.0,3.0,0,0,0,0,1.0,0.0,0.0,1.0,0.0,,3.0,1.0,,29.0,16.0,3.0,10.0
13597,L. Ruiz,Ruiz Morales,36,1987-01-08,Santa Marta,Colombia,Colombia,182 cm,77 kg,False,https://media.api-sports.io/football/players/13597.png,1125,Millonarios,https://media.api-sports.io/football/teams/1125.png,13,CONMEBOL Libertadores,World,https://media.api-sports.io/football/leagues/13.png,2023,Attacker,0,0.0,0.0,,False,0.0,,,,,,,,,0,0,0,0,0.0,0.0,0.0,,,,,,,,,,
13606,A. Murillo,Murillo Segura,29,1996-04-01,Zarzal,Colombia,Colombia,183 cm,82 kg,False,https://media.api-sports.io/football/players/13606.png,1125,Millonarios,https://media.api-sports.io/football/teams/1125.png,239,Primera A,Colombia,https://media.api-sports.io/football/leagues/239.png,2023,Defender,0,6.0,534.0,6.900000,False,0.0,0.0,,,170.0,,,,,0,0,0,0,2.0,0.0,0.0,0.0,0.0,,,,,36.0,28.0,3.0,5.0
13606,A. Murillo,Murillo Segura,29,1996-04-01,Zarzal,Colombia,Colombia,183 cm,82 kg,False,https://media.api-sports.io/football/players/13606.png,1125,Millonarios,https://media.api-sports.io/football/teams/1125.png,241,Copa Colombia,Colombia,https://media.api-sports.io/football/leagues/241.png,2023,Defender,0,1.0,90.0,,False,0.0,,,,,,,,,0,0,0,0,0.0,0.0,0.0,,,,,,,,,,
13606,A. Murillo,Murillo Segura,29,1996-04-01,Zarzal,Colombia,Colombia,183 cm,82 kg,False,https://media.api-sports.io/football/players/13606.png,1125,Millonarios,https://media.api-sports.io/football/teams/1125.png,13,CONMEBOL Libertadores,World,https://media.api-sports.io/football/leagues/13.png,2023,Defender,0,0.0,0.0,,False,0.0,0.0,,,,,,,,0,0,0,0,0.0,0.0,0.0,0.0,0.0,,,,,,,,
13606,A. Murillo,Murillo Segura,29,1996-04-01,Zarzal,Colombia,Colombia,183 cm,82 kg,False,https://media.api-sports.io/football/players/13606.png,1125,Millonarios,https://media.api-sports.io/football/teams/1125.png,11,CONMEBOL Sudamericana,World,https://media.api-sports.io/football/leagues/11.png,2023,Defender,0,0.0,0.0,,False,0.0,0.0,,,,,,,,0,0,0,0,0.0,0.0,0.0,0.0,0.0,,,,,,,,
13606,A. Murillo,Murillo Segura,29,1996-04-01,Zarzal,Colombia,Colombia,183 cm,82 kg,False,https://media.api-sports.io/football/players/13606.png,1125,Millonarios,https://media.api-sports.io/football/teams/1125.png,667,Friendlies Clubs,World,https://media.api-sports.io/football/leagues/667.png,2023,Defender,0,0.0,23.0,,False,0.0,,,,,,,,,0,0,0,0,0.0,0.0,0.0,,,,,,,,,,
13631,J. Moreno,Moreno Córdoba,25,1999-07-09,Apartadó,Colombia,Colombia,194 cm,84 kg,False,https://media.api-sports.io/football/players/13631.png,1125,Millonarios,https://media.api-sports.io/football/teams/1125.png,239,Primera A,Colombia,https://media.api-sports.io/football/leagues/239.png,2023,Goalkeeper,0,15.0,1350.0,7.157142,False,0.0,15.0,,48.0,310.0,,,,,0,0,0,0,0.0,0.0,0.0,0.0,0.0,1.0,1.0,1.0,,10.0,9.0,,4.0
13631,J. Moreno,Moreno Córdoba,25,1999-07-09,Apartadó,Colombia,Colombia,194 cm,84 kg,False,https://media.api-sports.io/football/players/13631.png,1125,Millonarios,https://media.api-sports.io/football/teams/1125.png,241,Copa Colombia,Colombia,https://media.api-sports.io/football/leagues/241.png,2023,Goalkeeper,0,1.0,90.0,,False,0.0,,,,,,,,,0,0,0,0,0.0,0.0,0.0,,,,,,,,,,
13631,J. Moreno,Moreno Córdoba,25,1999-07-09,Apartadó,Colombia,Colombia,194 cm,84 kg,False,https://media.api-sports.io/football/players/13631.png,1125,Millonarios,https://media.api-sports.io/football/teams/1125.png,11,CONMEBOL Sudamericana,World,https://media.api-sports.io/football/leagues/11.png,2023,Goalkeeper,0,0.0,0.0,,False,0.0,0.0,,,,,,,,0,0,0,0,0.0,0.0,0.0,0.0,0.0,0.0,,,,,,,
13631,J. Moreno,Moreno Córdoba,25,1999-07-09,Apartadó,Colombia,Colombia,194 cm,84 kg,False,https://media.api-sports.io/football/players/13631.png,1125,Millonarios,https://media.api-sports.io/football/teams/1125.png,667,Friendlies Clubs,World,https://media.api-sports.io/football/leagues/667.png,2023,Goalkeeper,0,0.0,0.0,,False,0.0,,,,,,,,,0,0,0,0,0.0,0.0,0.0,,,,,,,,,,
13631,J. Moreno,Moreno Córdoba,25,1999-07-09,Apartadó,Colombia,Colombia,194 cm,84 kg,False,https://media.api-sports.io/football/players/13631.png,1125,Millonarios,https://media.api-sports.io/football/teams/1125.png,13,CONMEBOL Libertadores,World,https://media.api-sports.io/football/leagues/13.png,2023,Goalkeeper,0,0.0,0.0,,False,0.0,0.0,,,,,,,,0,0,0,0,0.0,0.0,0.0,0.0,0.0,0.0,,,,,,,
13634,O. Bertel,Bertel Vergara,29,1996-09-09,Montelibano,Colombia,Colombia,174 cm,71 kg,False,https://media.api-sports.io/football/players/13634.png,1125,Millonarios,https://media.api-sports.io/football/teams/1125.png,239,Primera A,Colombia,https://media.api-sports.io/football/leagues/239.png,2023,Defender,0,22.0,2136.0,6.850000,False,0.0,0.0,3.0,,897.0,21.0,,8.0,4.0,0,0,0,0,1.0,0.0,0.0,0.0,0.0,,24.0,12.0,,177.0,91.0,21.0,4.0
13634,O. Bertel,Bertel Vergara,29,1996-09-09,Montelibano,Colombia,Colombia,174 cm,71 kg,False,https://media.api-sports.io/football/players/13634.png,1125,Millonarios,https://media.api-sports.io/football/teams/1125.png,241,Copa Colombia,Colombia,https://media.api-sports.io/football/leagues/241.png,2023,Defender,0,5.0,450.0,,False,0.0,,,,,,,,,0,0,0,0,1.0,0.0,0.0,,,,,,,,,,
13634,O. Bertel,Bertel Vergara,29,1996-09-09,Montelibano,Colombia,Colombia,174 cm,71 kg,False,https://media.api-sports.io/football/players/13634.png,1125,Millonarios,https://media.api-sports.io/football/teams/1125.png,667,Friendlies Clubs,World,https://media.api-sports.io/football/leagues/667.png,2023,Defender,0,1.0,67.0,,False,0.0,,,,,,,,,0,0,0,0,0.0,0.0,0.0,,,,,,,,,,
13634,O. Bertel,Bertel Vergara,29,1996-09-09,Montelibano,Colombia,Colombia,174 cm,71 kg,False,https://media.api-sports.io/football/players/13634.png,1125,Millonarios,https://media.api-sports.io/football/teams/1125.png,13,CONMEBOL Libertadores,World,https://media.api-sports.io/football/leagues/13.png,2023,Defender,0,3.0,270.0,6.800000,False,0.0,0.0,,,123.0,2.0,,1.0,,0,0,0,0,0.0,0.0,0.0,0.0,0.0,,5.0,2.0,,25.0,11.0,3.0,1.0
13634,O. Bertel,Bertel Vergara,29,1996-09-09,Montelibano,Colombia,Colombia,174 cm,71 kg,False,https://media.api-sports.io/football/players/13634.png,1125,Millonarios,https://media.api-sports.io/football/teams/1125.png,11,CONMEBOL Sudamericana,World,https://media.api-sports.io/football/leagues/11.png,2023,Defender,0,2.0,174.0,6.400000,False,0.0,0.0,,,92.0,,,,,0,0,0,0,0.0,0.0,0.0,0.0,0.0,,2.0,1.0,,19.0,9.0,2.0,
13637,K. Moreno,Moreno Robles,25,2000-08-09,Floridablanca,Colombia,Colombia,186 cm,83 kg,False,https://media.api-sports.io/football/players/13637.png,1125,Millonarios,https://media.api-sports.io/football/teams/1125.png,239,Primera A,Colombia,https://media.api-sports.io/football/leagues/239.png,2023,Midfielder,0,6.0,487.0,6.637500,False,0.0,0.0,,,257.0,2.0,,4.0,2.0,0,0,0,0,1.0,0.0,0.0,0.0,0.0,,1.0,1.0,,38.0,14.0,7.0,1.0
13637,K. Moreno,Moreno Robles,25,2000-08-09,Floridablanca,Colombia,Colombia,186 cm,83 kg,False,https://media.api-sports.io/football/players/13637.png,1125,Millonarios,https://media.api-sports.io/football/teams/1125.png,241,Copa Colombia,Colombia,https://media.api-sports.io/football/leagues/241.png,2023,Midfielder,0,0.0,4.0,,False,0.0,,,,,,,,,0,0,0,0,0.0,0.0,0.0,,,,,,,,,,
13637,K. Moreno,Moreno Robles,25,2000-08-09,Floridablanca,Colombia,Colombia,186 cm,83 kg,False,https://media.api-sports.io/football/players/13637.png,1125,Millonarios,https://media.api-sports.io/football/teams/1125.png,11,CONMEBOL Sudamericana,World,https://media.api-sports.io/football/leagues/11.png,2023,Midfielder,0,0.0,0.0,,False,0.0,0.0,,,,,,,,0,0,0,0,0.0,0.0,0.0,0.0,0.0,,,,,,,,
13637,K. Moreno,Moreno Robles,25,2000-08-09,Floridablanca,Colombia,Colombia,186 cm,83 kg,False,https://media.api-sports.io/football/players/13637.png,1125,Millonarios,https://media.api-sports.io/football/teams/1125.png,667,Friendlies Clubs,World,https://media.api-sports.io/football/leagues/667.png,2023,Midfielder,0,0.0,0.0,,False,0.0,,,,,,,,,0,0,0,0,0.0,0.0,0.0,,,,,,,,,,
13637,K. Moreno,Moreno Robles,25,2000-08-09,Floridablanca,Colombia,Colombia,186 cm,83 kg,False,https://media.api-sports.io/football/players/13637.png,1125,Millonarios,https://media.api-sports.io/football/teams/1125.png,13,CONMEBOL Libertadores,World,https://media.api-sports.io/football/leagues/13.png,2023,Midfielder,0,0.0,0.0,,False,0.0,0.0,,,,,,,,0,0,0,0,0.0,0.0,0.0,0.0,0.0,,,,,,,,
13638,S. Navarro,Navarro Otalora,25,2000-07-15,Bucaramanga,Colombia,Colombia,186 cm,74 kg,False,https://media.api-sports.io/football/players/13638.png,1125,Millonarios,https://media.api-sports.io/football/teams/1125.png,667,Friendlies Clubs,World,https://media.api-sports.io/football/leagues/667.png,2023,Midfielder,0,0.0,0.0,,False,0.0,,,,,,,,,0,0,0,0,0.0,0.0,0.0,,,,,,,,,,
13655,J. Rengifo,Rengifo Clevel,27,1997-01-21,Tumaco,Colombia,Colombia,176 cm,63 kg,False,https://media.api-sports.io/football/players/13655.png,1125,Millonarios,https://media.api-sports.io/football/teams/1125.png,667,Friendlies Clubs,World,https://media.api-sports.io/football/leagues/667.png,2023,Attacker,0,0.0,0.0,,False,0.0,,,,,,,,,0,0,0,0,0.0,0.0,0.0,,,,,,,,,,
196852,D. Abadía,Abadía García,24,1999-05-01,Carepa,Colombia,Colombia,179 cm,76 kg,False,https://media.api-sports.io/football/players/196852.png,1125,Millonarios,https://media.api-sports.io/football/teams/1125.png,239,Primera A,Colombia,https://media.api-sports.io/football/leagues/239.png,2023,Attacker,0,,,,False,,,,,,,,,,0,0,0,0,,,,,,,,,,,,,
196852,D. Abadía,Abadía García,24,1999-05-01,Carepa,Colombia,Colombia,179 cm,76 kg,False,https://media.api-sports.io/football/players/196852.png,1125,Millonarios,https://media.api-sports.io/football/teams/1125.png,667,Friendlies Clubs,World,https://media.api-sports.io/football/leagues/667.png,2023,Attacker,0,0.0,0.0,,False,0.0,,,,,,,,,0,0,0,0,0.0,0.0,0.0,,,,,,,,,,
265959,A. Moreno,Moreno Paz,22,2002-01-25,Quibdó,Colombia,Colombia,185 cm,79 kg,False,https://media.api-sports.io/football/players/265959.png,1125,Millonarios,https://media.api-sports.io/football/teams/1125.png,239,Primera A,Colombia,https://media.api-sports.io/football/leagues/239.png,2023,Defender,0,11.0,1034.0,6.833333,False,1.0,0.0,,,474.0,,,1.0,1.0,0,0,0,0,1.0,0.0,0.0,0.0,0.0,,6.0,5.0,,51.0,35.0,8.0,2.0
265959,A. Moreno,Moreno Paz,22,2002-01-25,Quibdó,Colombia,Colombia,185 cm,79 kg,False,https://media.api-sports.io/football/players/265959.png,1125,Millonarios,https://media.api-sports.io/football/teams/1125.png,11,CONMEBOL Sudamericana,World,https://media.api-sports.io/football/leagues/11.png,2023,Defender,0,1.0,90.0,6.300000,False,0.0,0.0,,,65.0,,54.0,,,0,0,0,0,1.0,0.0,0.0,0.0,0.0,,,,,5.0,4.0,1.0,
265959,A. Moreno,Moreno Paz,22,2002-01-25,Quibdó,Colombia,Colombia,185 cm,79 kg,False,https://media.api-sports.io/football/players/265959.png,1125,Millonarios,https://media.api-sports.io/football/teams/1125.png,667,Friendlies Clubs,World,https://media.api-sports.io/football/leagues/667.png,2023,Defender,0,0.0,0.0,,False,0.0,,,,,,,,,0,0,0,0,0.0,0.0,0.0,,,,,,,,,,
265959,A. Moreno,Moreno Paz,22,2002-01-25,Quibdó,Colombia,Colombia,185 cm,79 kg,False,https://media.api-sports.io/football/players/265959.png,1125,Millonarios,https://media.api-sports.io/football/teams/1125.png,13,CONMEBOL Libertadores,World,https://media.api-sports.io/football/leagues/13.png,2023,Defender,0,0.0,0.0,,False,0.0,0.0,,,,,,,,0,0,0,0,0.0,0.0,0.0,0.0,0.0,,,,,,,,
265963,L. Paredes,Paredes Busatamante,23,2001-06-13,Arauca,Colombia,Colombia,180 cm,74 kg,False,https://media.api-sports.io/football/players/265963.png,1125,Millonarios,https://media.api-sports.io/football/teams/1125.png,239,Primera A,Colombia,https://media.api-sports.io/football/leagues/239.png,2023,Attacker,0,13.0,1222.0,6.553571,False,2.0,0.0,,,386.0,9.0,,28.0,13.0,0,0,0,0,0.0,0.0,0.0,0.0,0.0,,41.0,18.0,,157.0,68.0,18.0,33.0
265963,L. Paredes,Paredes Busatamante,23,2001-06-13,Arauca,Colombia,Colombia,180 cm,74 kg,False,https://media.api-sports.io/football/players/265963.png,1125,Millonarios,https://media.api-sports.io/football/teams/1125.png,241,Copa Colombia,Colombia,https://media.api-sports.io/football/leagues/241.png,2023,Attacker,0,2.0,195.0,,False,0.0,,,,,,,,,0,0,0,0,0.0,0.0,0.0,,,,,,,,,,
265963,L. Paredes,Paredes Busatamante,23,2001-06-13,Arauca,Colombia,Colombia,180 cm,74 kg,False,https://media.api-sports.io/football/players/265963.png,1125,Millonarios,https://media.api-sports.io/football/teams/1125.png,11,CONMEBOL Sudamericana,World,https://media.api-sports.io/football/leagues/11.png,2023,Attacker,0,2.0,155.0,6.633333,False,1.0,0.0,,,45.0,,,2.0,2.0,0,0,0,0,0.0,0.0,0.0,0.0,0.0,,11.0,5.0,,26.0,8.0,5.0,2.0
265963,L. Paredes,Paredes Busatamante,23,2001-06-13,Arauca,Colombia,Colombia,180 cm,74 kg,False,https://media.api-sports.io/football/players/265963.png,1125,Millonarios,https://media.api-sports.io/football/teams/1125.png,13,CONMEBOL Libertadores,World,https://media.api-sports.io/football/leagues/13.png,2023,Attacker,0,0.0,3.0,6.300000,False,0.0,0.0,,,1.0,,,,,0,0,0,0,0.0,0.0,0.0,0.0,0.0,,1.0,,,3.0,,,
265969,C. Romero,Romero Jiménez,23,2001-06-21,Mahates,Colombia,Colombia,191 cm,81 kg,False,https://media.api-sports.io/football/players/265969.png,1125,Millonarios,https://media.api-sports.io/football/teams/1125.png,239,Primera A,Colombia,https://media.api-sports.io/football/leagues/239.png,2023,Goalkeeper,0,0.0,0.0,,False,0.0,0.0,,,,,,,,0,0,0,0,0.0,0.0,0.0,0.0,0.0,0.0,,,,,,,
265969,C. Romero,Romero Jiménez,23,2001-06-21,Mahates,Colombia,Colombia,191 cm,81 kg,False,https://media.api-sports.io/football/players/265969.png,1125,Millonarios,https://media.api-sports.io/football/teams/1125.png,241,Copa Colombia,Colombia,https://media.api-sports.io/football/leagues/241.png,2023,Goalkeeper,0,0.0,0.0,,False,0.0,,,,,,,,,0,0,0,0,0.0,0.0,0.0,,,,,,,,,,
265969,C. Romero,Romero Jiménez,23,2001-06-21,Mahates,Colombia,Colombia,191 cm,81 kg,False,https://media.api-sports.io/football/players/265969.png,1125,Millonarios,https://media.api-sports.io/football/teams/1125.png,11,CONMEBOL Sudamericana,World,https://media.api-sports.io/football/leagues/11.png,2023,Goalkeeper,0,0.0,0.0,,False,0.0,,,,,,,,,0,0,0,0,0.0,0.0,0.0,,,,,,,,,,
265969,C. Romero,Romero Jiménez,23,2001-06-21,Mahates,Colombia,Colombia,191 cm,81 kg,False,https://media.api-sports.io/football/players/265969.png,1125,Millonarios,https://media.api-sports.io/football/teams/1125.png,667,Friendlies Clubs,World,https://media.api-sports.io/football/leagues/667.png,2023,Goalkeeper,0,0.0,0.0,,False,0.0,,,,,,,,,0,0,0,0,0.0,0.0,0.0,,,,,,,,,,
265969,C. Romero,Romero Jiménez,23,2001-06-21,Mahates,Colombia,Colombia,191 cm,81 kg,False,https://media.api-sports.io/football/players/265969.png,1125,Millonarios,https://media.api-sports.io/football/teams/1125.png,13,CONMEBOL Libertadores,World,https://media.api-sports.io/football/leagues/13.png,2023,Goalkeeper,0,0.0,0.0,,False,0.0,,,,,,,,,0,0,0,0,0.0,0.0,0.0,,,,,,,,,,
309389,J. Quiñones,Quiñones Guerrero,23,2002-10-08,Tumaco,Colombia,Colombia,171 cm,68 kg,False,https://media.api-sports.io/football/players/309389.png,1125,Millonarios,https://media.api-sports.io/football/teams/1125.png,239,Primera A,Colombia,https://media.api-sports.io/football/leagues/239.png,2023,Attacker,0,11.0,816.0,6.781250,False,1.0,0.0,2.0,,215.0,19.0,,15.0,5.0,0,0,0,0,0.0,0.0,0.0,0.0,0.0,,27.0,13.0,,105.0,49.0,15.0,17.0
309389,J. Quiñones,Quiñones Guerrero,23,2002-10-08,Tumaco,Colombia,Colombia,171 cm,68 kg,False,https://media.api-sports.io/football/players/309389.png,1125,Millonarios,https://media.api-sports.io/football/teams/1125.png,241,Copa Colombia,Colombia,https://media.api-sports.io/football/leagues/241.png,2023,Attacker,0,0.0,0.0,,False,0.0,,,,,,,,,0,0,0,0,0.0,0.0,0.0,,,,,,,,,,
309389,J. Quiñones,Quiñones Guerrero,23,2002-10-08,Tumaco,Colombia,Colombia,171 cm,68 kg,False,https://media.api-sports.io/football/players/309389.png,1125,Millonarios,https://media.api-sports.io/football/teams/1125.png,667,Friendlies Clubs,World,https://media.api-sports.io/football/leagues/667.png,2023,Attacker,0,1.0,68.0,,False,0.0,,,,,,,,,0,0,0,0,1.0,0.0,0.0,,,,,,,,,,
309389,J. Quiñones,Quiñones Guerrero,23,2002-10-08,Tumaco,Colombia,Colombia,171 cm,68 kg,False,https://media.api-sports.io/football/players/309389.png,1125,Millonarios,https://media.api-sports.io/football/teams/1125.png,13,CONMEBOL Libertadores,World,https://media.api-sports.io/football/leagues/13.png,2023,Attacker,0,0.0,17.0,6.200000,False,0.0,0.0,,,4.0,,,,,0,0,0,0,0.0,0.0,0.0,0.0,0.0,,,,,,,,
309389,J. Quiñones,Quiñones Guerrero,23,2002-10-08,Tumaco,Colombia,Colombia,171 cm,68 kg,False,https://media.api-sports.io/football/players/309389.png,1125,Millonarios,https://media.api-sports.io/football/teams/1125.png,11,CONMEBOL Sudamericana,World,https://media.api-sports.io/football/leagues/11.png,2023,Attacker,0,0.0,33.0,6.500000,False,0.0,0.0,,,14.0,1.0,,1.0,1.0,0,0,0,0,0.0,0.0,0.0,0.0,0.0,,3.0,1.0,,9.0,4.0,2.0,2.0
354064,J. González,González Morán,21,2003-03-11,Nariño,Colombia,Colombia,189 cm,81 kg,False,https://media.api-sports.io/football/players/354064.png,1125,Millonarios,https://media.api-sports.io/football/teams/1125.png,239,Primera A,Colombia,https://media.api-sports.io/football/leagues/239.png,2023,Goalkeeper,0,0.0,0.0,,False,0.0,0.0,,,,,,,,0,0,0,0,0.0,0.0,0.0,0.0,0.0,0.0,,,,,,,
354064,J. González,González Morán,21,2003-03-11,Nariño,Colombia,Colombia,189 cm,81 kg,False,https://media.api-sports.io/football/players/354064.png,1125,Millonarios,https://media.api-sports.io/football/teams/1125.png,11,CONMEBOL Sudamericana,World,https://media.api-sports.io/football/leagues/11.png,2023,Goalkeeper,0,0.0,0.0,,False,0.0,,,,,,,,,0,0,0,0,0.0,0.0,0.0,,,,,,,,,,
405539,J. Torres,Torres Henríquez,24,2001-03-31,Barranquilla,Colombia,Colombia,168 cm,63 kg,False,https://media.api-sports.io/football/players/405539.png,1125,Millonarios,https://media.api-sports.io/football/teams/1125.png,239,Primera A,Colombia,https://media.api-sports.io/football/leagues/239.png,2023,Midfielder,0,3.0,203.0,6.428571,False,0.0,0.0,,,106.0,2.0,,5.0,1.0,0,0,0,0,2.0,0.0,0.0,0.0,0.0,,4.0,1.0,,22.0,5.0,3.0,2.0
405539,J. Torres,Torres Henríquez,24,2001-03-31,Barranquilla,Colombia,Colombia,168 cm,63 kg,False,https://media.api-sports.io/football/players/405539.png,1125,Millonarios,https://media.api-sports.io/football/teams/1125.png,11,CONMEBOL Sudamericana,World,https://media.api-sports.io/football/leagues/11.png,2023,Midfielder,0,0.0,0.0,,False,0.0,0.0,,,,,,,,0,0,0,0,0.0,0.0,0.0,0.0,0.0,,,,,,,,
405539,J. Torres,Torres Henríquez,24,2001-03-31,Barranquilla,Colombia,Colombia,168 cm,63 kg,False,https://media.api-sports.io/football/players/405539.png,1125,Millonarios,https://media.api-sports.io/football/teams/1125.png,13,CONMEBOL Libertadores,World,https://media.api-sports.io/football/leagues/13.png,2023,Midfielder,0,0.0,0.0,,False,0.0,,,,,,,,,0,0,0,0,0.0,0.0,0.0,,,,,,,,,,
414428,J. Hernández,Hernández Mejía,18,2006-02-20,,Colombia,Colombia,179 cm,75 kg,False,https://media.api-sports.io/football/players/414428.png,1125,Millonarios,https://media.api-sports.io/football/teams/1125.png,239,Primera A,Colombia,https://media.api-sports.io/football/leagues/239.png,2023,Defender,0,0.0,94.0,6.533333,False,0.0,0.0,,,34.0,1.0,,1.0,1.0,0,0,0,0,0.0,0.0,0.0,0.0,0.0,,2.0,2.0,,9.0,5.0,3.0,2.0
426552,S. Navarro,Navarro de la Cruz,21,2003-07-22,Santa Marta,Colombia,Colombia,,,False,https://media.api-sports.io/football/players/426552.png,1125,Millonarios,https://media.api-sports.io/football/teams/1125.png,239,Primera A,Colombia,https://media.api-sports.io/football/leagues/239.png,2023,Attacker,0,13.0,1099.0,6.616666,False,0.0,0.0,,,409.0,8.0,,4.0,1.0,0,0,0,0,0.0,0.0,0.0,0.0,0.0,,18.0,5.0,,74.0,31.0,14.0,3.0
426552,S. Navarro,Navarro de la Cruz,21,2003-07-22,Santa Marta,Colombia,Colombia,,,False,https://media.api-sports.io/football/players/426552.png,1125,Millonarios,https://media.api-sports.io/football/teams/1125.png,241,Copa Colombia,Colombia,https://media.api-sports.io/football/leagues/241.png,2023,Attacker,0,5.0,406.0,,False,0.0,,,,,,,,,0,0,0,0,1.0,0.0,0.0,,,,,,,,,,
2481,Á. Montero,Montero Perales,30,1995-03-29,El Molino,Colombia,Colombia,197 cm,98 kg,False,https://media.api-sports.io/football/players/2481.png,1125,Millonarios,https://media.api-sports.io/football/teams/1125.png,239,Primera A,Colombia,https://media.api-sports.io/football/leagues/239.png,2023,Goalkeeper,0,39.0,3510.0,7.056756,False,0.0,32.0,,105.0,809.0,,,1.0,,0,0,0,0,3.0,0.0,0.0,0.0,0.0,1.0,2.0,2.0,,17.0,14.0,,5.0
2481,Á. Montero,Montero Perales,30,1995-03-29,El Molino,Colombia,Colombia,197 cm,98 kg,False,https://media.api-sports.io/football/players/2481.png,1125,Millonarios,https://media.api-sports.io/football/teams/1125.png,241,Copa Colombia,Colombia,https://media.api-sports.io/football/leagues/241.png,2023,Goalkeeper,0,7.0,630.0,,False,0.0,,,,,,,,,0,0,0,0,0.0,0.0,0.0,,,,,,,,,,
2481,Á. Montero,Montero Perales,30,1995-03-29,El Molino,Colombia,Colombia,197 cm,98 kg,False,https://media.api-sports.io/football/players/2481.png,1125,Millonarios,https://media.api-sports.io/football/teams/1125.png,11,CONMEBOL Sudamericana,World,https://media.api-sports.io/football/leagues/11.png,2023,Goalkeeper,0,6.0,540.0,6.966666,False,0.0,7.0,,15.0,137.0,1.0,,,,0,0,0,0,0.0,0.0,0.0,0.0,0.0,0.0,,,,,,,
2481,Á. Montero,Montero Perales,30,1995-03-29,El Molino,Colombia,Colombia,197 cm,98 kg,False,https://media.api-sports.io/football/players/2481.png,1125,Millonarios,https://media.api-sports.io/football/teams/1125.png,667,Friendlies Clubs,World,https://media.api-sports.io/football/leagues/667.png,2023,Goalkeeper,0,1.0,90.0,,False,0.0,,,,,,,,,0,0,0,0,1.0,0.0,0.0,,,,,,,,,,
2481,Á. Montero,Montero Perales,30,1995-03-29,El Molino,Colombia,Colombia,197 cm,98 kg,False,https://media.api-sports.io/football/players/2481.png,1125,Millonarios,https://media.api-sports.io/football/teams/1125.png,13,CONMEBOL Libertadores,World,https://media.api-sports.io/football/leagues/13.png,2023,Goalkeeper,0,4.0,360.0,6.775000,False,0.0,5.0,,9.0,94.0,1.0,,,,0,0,0,0,0.0,0.0,0.0,0.0,0.0,0.0,,,,2.0,1.0,,
2836,J. Vargas,Vargas Campos,30,1995-06-06,Valverde Vega,Costa Rica,Costa Rica,192 cm,88 kg,False,https://media.api-sports.io/football/players/2836.png,1125,Millonarios,https://media.api-sports.io/football/teams/1125.png,239,Primera A,Colombia,https://media.api-sports.io/football/leagues/239.png,2023,Defender,0,34.0,2988.0,7.242424,False,3.0,0.0,1.0,,1485.0,16.0,,26.0,10.0,0,0,0,0,4.0,0.0,0.0,0.0,0.0,,20.0,14.0,,197.0,139.0,17.0,6.0
2836,J. Vargas,Vargas Campos,30,1995-06-06,Valverde Vega,Costa Rica,Costa Rica,192 cm,88 kg,False,https://media.api-sports.io/football/players/2836.png,1125,Millonarios,https://media.api-sports.io/football/teams/1125.png,241,Copa Colombia,Colombia,https://media.api-sports.io/football/leagues/241.png,2023,Defender,0,6.0,540.0,,False,0.0,,,,,,,,,0,0,0,0,0.0,0.0,0.0,,,,,,,,,,
2836,J. Vargas,Vargas Campos,30,1995-06-06,Valverde Vega,Costa Rica,Costa Rica,192 cm,88 kg,False,https://media.api-sports.io/football/players/2836.png,1125,Millonarios,https://media.api-sports.io/football/teams/1125.png,667,Friendlies Clubs,World,https://media.api-sports.io/football/leagues/667.png,2023,Defender,0,1.0,90.0,,False,0.0,,,,,,,,,0,0,0,0,0.0,0.0,0.0,,,,,,,,,,
2836,J. Vargas,Vargas Campos,30,1995-06-06,Valverde Vega,Costa Rica,Costa Rica,192 cm,88 kg,False,https://media.api-sports.io/football/players/2836.png,1125,Millonarios,https://media.api-sports.io/football/teams/1125.png,13,CONMEBOL Libertadores,World,https://media.api-sports.io/football/leagues/13.png,2023,Defender,0,4.0,360.0,6.850000,False,0.0,0.0,,,186.0,1.0,,,,0,0,0,0,0.0,0.0,0.0,0.0,0.0,,4.0,4.0,,28.0,20.0,3.0,
2836,J. Vargas,Vargas Campos,30,1995-06-06,Valverde Vega,Costa Rica,Costa Rica,192 cm,88 kg,False,https://media.api-sports.io/football/players/2836.png,1125,Millonarios,https://media.api-sports.io/football/teams/1125.png,11,CONMEBOL Sudamericana,World,https://media.api-sports.io/football/leagues/11.png,2023,Defender,0,5.0,419.0,7.100000,False,0.0,0.0,1.0,,271.0,1.0,45.0,6.0,2.0,0,0,0,0,0.0,0.0,0.0,0.0,0.0,,1.0,,,31.0,22.0,2.0,
13366,D. Cataño,Cataño Torres,33,1992-01-17,Bello,Colombia,Colombia,174 cm,75 kg,False,https://media.api-sports.io/football/players/13366.png,1125,Millonarios,https://media.api-sports.io/football/teams/1125.png,239,Primera A,Colombia,https://media.api-sports.io/football/leagues/239.png,2023,Midfielder,0,30.0,2484.0,7.146875,False,6.0,0.0,6.0,,1197.0,64.0,,44.0,22.0,0,0,0,0,11.0,0.0,1.0,0.0,0.0,,76.0,48.0,,317.0,159.0,35.0,77.0
13366,D. Cataño,Cataño Torres,33,1992-01-17,Bello,Colombia,Colombia,174 cm,75 kg,False,https://media.api-sports.io/football/players/13366.png,1125,Millonarios,https://media.api-sports.io/football/teams/1125.png,241,Copa Colombia,Colombia,https://media.api-sports.io/football/leagues/241.png,2023,Midfielder,0,4.0,417.0,,False,0.0,,,,,,,,,0,0,0,0,0.0,0.0,0.0,,,,,,,,,,
13366,D. Cataño,Cataño Torres,33,1992-01-17,Bello,Colombia,Colombia,174 cm,75 kg,False,https://media.api-sports.io/football/players/13366.png,1125,Millonarios,https://media.api-sports.io/football/teams/1125.png,13,CONMEBOL Libertadores,World,https://media.api-sports.io/football/leagues/13.png,2023,Midfielder,0,4.0,311.0,7.150000,False,1.0,0.0,1.0,,169.0,7.0,,6.0,1.0,0,0,0,0,0.0,0.0,0.0,0.0,0.0,,21.0,10.0,,75.0,37.0,11.0,17.0
13366,D. Cataño,Cataño Torres,33,1992-01-17,Bello,Colombia,Colombia,174 cm,75 kg,False,https://media.api-sports.io/football/players/13366.png,1125,Millonarios,https://media.api-sports.io/football/teams/1125.png,11,CONMEBOL Sudamericana,World,https://media.api-sports.io/football/leagues/11.png,2023,Midfielder,0,5.0,424.0,7.160000,False,1.0,0.0,,,260.0,8.0,43.0,8.0,4.0,0,0,0,0,1.0,0.0,0.0,0.0,0.0,,34.0,23.0,,88.0,44.0,8.0,12.0
13366,D. Cataño,Cataño Torres,33,1992-01-17,Bello,Colombia,Colombia,174 cm,75 kg,False,https://media.api-sports.io/football/players/13366.png,1125,Millonarios,https://media.api-sports.io/football/teams/1125.png,667,Friendlies Clubs,World,https://media.api-sports.io/football/leagues/667.png,2023,Midfielder,0,1.0,77.0,,False,0.0,,,,,,,,,0,0,0,0,0.0,0.0,0.0,,,,,,,,,,
13525,L. Castro,Castro Loaiza,33,1992-06-14,El Tambo,Colombia,Colombia,174 cm,78 kg,False,https://media.api-sports.io/football/players/13525.png,1125,Millonarios,https://media.api-sports.io/football/teams/1125.png,239,Primera A,Colombia,https://media.api-sports.io/football/leagues/239.png,2023,Attacker,0,37.0,2946.0,6.920000,False,11.0,0.0,2.0,,508.0,29.0,,68.0,29.0,0,0,0,0,9.0,1.0,0.0,2.0,0.0,,39.0,15.0,,207.0,91.0,37.0,46.0
13525,L. Castro,Castro Loaiza,33,1992-06-14,El Tambo,Colombia,Colombia,174 cm,78 kg,False,https://media.api-sports.io/football/players/13525.png,1125,Millonarios,https://media.api-sports.io/football/teams/1125.png,241,Copa Colombia,Colombia,https://media.api-sports.io/football/leagues/241.png,2023,Attacker,0,8.0,646.0,,False,7.0,,,,,,,,,0,0,0,0,3.0,0.0,0.0,,,,,,,,,,
13525,L. Castro,Castro Loaiza,33,1992-06-14,El Tambo,Colombia,Colombia,174 cm,78 kg,False,https://media.api-sports.io/football/players/13525.png,1125,Millonarios,https://media.api-sports.io/football/teams/1125.png,13,CONMEBOL Libertadores,World,https://media.api-sports.io/football/leagues/13.png,2023,Attacker,0,4.0,319.0,6.875000,False,1.0,0.0,,,53.0,3.0,,11.0,5.0,0,0,0,0,1.0,0.0,0.0,0.0,0.0,,11.0,7.0,,51.0,19.0,6.0,5.0
13525,L. Castro,Castro Loaiza,33,1992-06-14,El Tambo,Colombia,Colombia,174 cm,78 kg,False,https://media.api-sports.io/football/players/13525.png,1125,Millonarios,https://media.api-sports.io/football/teams/1125.png,11,CONMEBOL Sudamericana,World,https://media.api-sports.io/football/leagues/11.png,2023,Attacker,0,4.0,319.0,7.175000,False,3.0,0.0,2.0,,63.0,6.0,,8.0,5.0,0,0,0,0,2.0,0.0,0.0,1.0,0.0,,12.0,6.0,,36.0,13.0,7.0,3.0
13525,L. Castro,Castro Loaiza,33,1992-06-14,El Tambo,Colombia,Colombia,174 cm,78 kg,False,https://media.api-sports.io/football/players/13525.png,1125,Millonarios,https://media.api-sports.io/football/teams/1125.png,667,Friendlies Clubs,World,https://media.api-sports.io/football/leagues/667.png,2023,Attacker,0,0.0,0.0,,False,0.0,,,,,,,,,0,0,0,0,0.0,0.0,0.0,,,,,,,,,,
13643,S. Vega,Vega Londoño,27,1998-05-22,Apartadó,Colombia,Colombia,176 cm,79 kg,False,https://media.api-sports.io/football/players/13643.png,1125,Millonarios,https://media.api-sports.io/football/teams/1125.png,239,Primera A,Colombia,https://media.api-sports.io/football/leagues/239.png,2023,Defender,0,18.0,1863.0,6.741379,False,0.0,0.0,,,948.0,4.0,,3.0,1.0,0,0,0,0,3.0,0.0,0.0,0.0,0.0,,13.0,8.0,,135.0,79.0,16.0,12.0
13643,S. Vega,Vega Londoño,27,1998-05-22,Apartadó,Colombia,Colombia,176 cm,79 kg,False,https://media.api-sports.io/football/players/13643.png,1125,Millonarios,https://media.api-sports.io/football/teams/1125.png,241,Copa Colombia,Colombia,https://media.api-sports.io/football/leagues/241.png,2023,Defender,0,4.0,272.0,,False,0.0,,,,,,,,,0,0,0,0,2.0,0.0,1.0,,,,,,,,,,
13643,S. Vega,Vega Londoño,27,1998-05-22,Apartadó,Colombia,Colombia,176 cm,79 kg,False,https://media.api-sports.io/football/players/13643.png,1125,Millonarios,https://media.api-sports.io/football/teams/1125.png,667,Friendlies Clubs,World,https://media.api-sports.io/football/leagues/667.png,2023,Defender,0,0.0,0.0,,False,0.0,,,,,,,,,0,0,0,0,0.0,0.0,0.0,,,,,,,,,,
13643,S. Vega,Vega Londoño,27,1998-05-22,Apartadó,Colombia,Colombia,176 cm,79 kg,False,https://media.api-sports.io/football/players/13643.png,1125,Millonarios,https://media.api-sports.io/football/teams/1125.png,13,CONMEBOL Libertadores,World,https://media.api-sports.io/football/leagues/13.png,2023,Defender,0,0.0,0.0,,False,0.0,,,,,,,,,0,0,0,0,0.0,0.0,0.0,,,,,,,,,,
13643,S. Vega,Vega Londoño,27,1998-05-22,Apartadó,Colombia,Colombia,176 cm,79 kg,False,https://media.api-sports.io/football/players/13643.png,1125,Millonarios,https://media.api-sports.io/football/teams/1125.png,11,CONMEBOL Sudamericana,World,https://media.api-sports.io/football/leagues/11.png,2023,Defender,0,2.0,148.0,6.400000,False,0.0,0.0,,,102.0,,,,,0,0,0,0,1.0,0.0,0.0,0.0,0.0,,,,,20.0,7.0,4.0,
13648,J. Garcia,García Soto,28,1997-02-24,Bogotá,Colombia,Colombia,184 cm,73 kg,False,https://media.api-sports.io/football/players/13648.png,1125,Millonarios,https://media.api-sports.io/football/teams/1125.png,239,Primera A,Colombia,https://media.api-sports.io/football/leagues/239.png,2023,Midfielder,0,0.0,0.0,6.544444,False,0.0,0.0,,,283.0,1.0,,1.0,,0,0,0,0,0.0,0.0,0.0,0.0,0.0,,1.0,,,56.0,21.0,14.0,1.0
13648,J. Garcia,García Soto,28,1997-02-24,Bogotá,Colombia,Colombia,184 cm,73 kg,False,https://media.api-sports.io/football/players/13648.png,1125,Millonarios,https://media.api-sports.io/football/teams/1125.png,667,Friendlies Clubs,World,https://media.api-sports.io/football/leagues/667.png,2023,Midfielder,0,0.0,0.0,,False,0.0,,,,,,,,,0,0,0,0,0.0,0.0,0.0,,,,,,,,,,
13656,D. Silva,Silva Mosquera,39,1986-12-13,Bogotá,Colombia,Colombia,175 cm,78 kg,False,https://media.api-sports.io/football/players/13656.png,1125,Millonarios,https://media.api-sports.io/football/teams/1125.png,239,Primera A,Colombia,https://media.api-sports.io/football/leagues/239.png,2023,Midfielder,0,32.0,2913.0,6.928947,False,3.0,0.0,5.0,,1548.0,58.0,,43.0,15.0,0,0,0,0,4.0,1.0,0.0,0.0,0.0,,47.0,25.0,,262.0,104.0,41.0,38.0
13656,D. Silva,Silva Mosquera,39,1986-12-13,Bogotá,Colombia,Colombia,175 cm,78 kg,False,https://media.api-sports.io/football/players/13656.png,1125,Millonarios,https://media.api-sports.io/football/teams/1125.png,241,Copa Colombia,Colombia,https://media.api-sports.io/football/leagues/241.png,2023,Midfielder,0,7.0,555.0,,False,0.0,,,,,,,,,0,0,0,0,4.0,0.0,0.0,,,,,,,,,,
13656,D. Silva,Silva Mosquera,39,1986-12-13,Bogotá,Colombia,Colombia,175 cm,78 kg,False,https://media.api-sports.io/football/players/13656.png,1125,Millonarios,https://media.api-sports.io/football/teams/1125.png,11,CONMEBOL Sudamericana,World,https://media.api-sports.io/football/leagues/11.png,2023,Midfielder,0,5.0,427.0,7.220000,False,1.0,0.0,3.0,,321.0,8.0,52.0,8.0,5.0,0,0,0,0,0.0,0.0,0.0,0.0,0.0,,13.0,9.0,,43.0,25.0,1.0,7.0
13656,D. Silva,Silva Mosquera,39,1986-12-13,Bogotá,Colombia,Colombia,175 cm,78 kg,False,https://media.api-sports.io/football/players/13656.png,1125,Millonarios,https://media.api-sports.io/football/teams/1125.png,667,Friendlies Clubs,World,https://media.api-sports.io/football/leagues/667.png,2023,Midfielder,0,1.0,68.0,,False,0.0,,,,,,,,,0,0,0,0,0.0,0.0,0.0,,,,,,,,,,
13656,D. Silva,Silva Mosquera,39,1986-12-13,Bogotá,Colombia,Colombia,175 cm,78 kg,False,https://media.api-sports.io/football/players/13656.png,1125,Millonarios,https://media.api-sports.io/football/teams/1125.png,13,CONMEBOL Libertadores,World,https://media.api-sports.io/football/leagues/13.png,2023,Midfielder,0,4.0,346.0,6.800000,False,1.0,0.0,1.0,,183.0,6.0,,2.0,1.0,0,0,0,0,0.0,0.0,0.0,0.0,0.0,,13.0,7.0,,39.0,12.0,2.0,1.0
13659,A. Llinás,Llinás Montejo,28,1997-07-23,Bogotá,Colombia,Colombia,187 cm,73 kg,False,https://media.api-sports.io/football/players/13659.png,1125,Millonarios,https://media.api-sports.io/football/teams/1125.png,239,Primera A,Colombia,https://media.api-sports.io/football/leagues/239.png,2023,Defender,0,33.0,2948.0,7.021875,False,3.0,0.0,2.0,,1326.0,5.0,,11.0,6.0,0,0,0,0,6.0,0.0,0.0,0.0,0.0,,5.0,3.0,,173.0,109.0,16.0,15.0
13659,A. Llinás,Llinás Montejo,28,1997-07-23,Bogotá,Colombia,Colombia,187 cm,73 kg,False,https://media.api-sports.io/football/players/13659.png,1125,Millonarios,https://media.api-sports.io/football/teams/1125.png,241,Copa Colombia,Colombia,https://media.api-sports.io/football/leagues/241.png,2023,Defender,0,7.0,630.0,,False,0.0,,,,,,,,,0,0,0,0,0.0,0.0,0.0,,,,,,,,,,
13659,A. Llinás,Llinás Montejo,28,1997-07-23,Bogotá,Colombia,Colombia,187 cm,73 kg,False,https://media.api-sports.io/football/players/13659.png,1125,Millonarios,https://media.api-sports.io/football/teams/1125.png,11,CONMEBOL Sudamericana,World,https://media.api-sports.io/football/leagues/11.png,2023,Defender,0,5.0,450.0,7.040000,False,0.0,0.0,,,246.0,,42.0,1.0,,0,0,0,0,2.0,0.0,0.0,0.0,0.0,,7.0,7.0,,48.0,31.0,3.0,
13659,A. Llinás,Llinás Montejo,28,1997-07-23,Bogotá,Colombia,Colombia,187 cm,73 kg,False,https://media.api-sports.io/football/players/13659.png,1125,Millonarios,https://media.api-sports.io/football/teams/1125.png,667,Friendlies Clubs,World,https://media.api-sports.io/football/leagues/667.png,2023,Defender,0,1.0,72.0,,False,0.0,,,,,,,,,0,0,0,0,0.0,0.0,0.0,,,,,,,,,,
13659,A. Llinás,Llinás Montejo,28,1997-07-23,Bogotá,Colombia,Colombia,187 cm,73 kg,False,https://media.api-sports.io/football/players/13659.png,1125,Millonarios,https://media.api-sports.io/football/teams/1125.png,13,CONMEBOL Libertadores,World,https://media.api-sports.io/football/leagues/13.png,2023,Defender,0,3.0,270.0,7.033333,False,0.0,0.0,,,142.0,1.0,40.0,1.0,,0,0,0,0,1.0,0.0,0.0,0.0,0.0,,,,,27.0,16.0,3.0,2.0
13663,J. Valencia,Valencia Mena,26,1999-11-15,Apartado,Colombia,Colombia,192 cm,72 kg,False,https://media.api-sports.io/football/players/13663.png,1125,Millonarios,https://media.api-sports.io/football/teams/1125.png,239,Primera A,Colombia,https://media.api-sports.io/football/leagues/239.png,2023,Attacker,0,11.0,1202.0,7.300000,False,4.0,0.0,,,59.0,1.0,,1.0,,0,0,0,0,2.0,1.0,0.0,0.0,0.0,,4.0,4.0,,16.0,10.0,4.0,3.0
13663,J. Valencia,Valencia Mena,26,1999-11-15,Apartado,Colombia,Colombia,192 cm,72 kg,False,https://media.api-sports.io/football/players/13663.png,1125,Millonarios,https://media.api-sports.io/football/teams/1125.png,241,Copa Colombia,Colombia,https://media.api-sports.io/football/leagues/241.png,2023,Attacker,0,0.0,6.0,,False,0.0,,,,,,,,,0,0,0,0,0.0,0.0,0.0,,,,,,,,,,
13663,J. Valencia,Valencia Mena,26,1999-11-15,Apartado,Colombia,Colombia,192 cm,72 kg,False,https://media.api-sports.io/football/players/13663.png,1125,Millonarios,https://media.api-sports.io/football/teams/1125.png,11,CONMEBOL Sudamericana,World,https://media.api-sports.io/football/leagues/11.png,2023,Attacker,0,1.0,105.0,6.800000,False,0.0,0.0,,,41.0,,,1.0,1.0,0,0,0,0,0.0,0.0,0.0,0.0,0.0,,5.0,3.0,,23.0,13.0,1.0,4.0
13663,J. Valencia,Valencia Mena,26,1999-11-15,Apartado,Colombia,Colombia,192 cm,72 kg,False,https://media.api-sports.io/football/players/13663.png,1125,Millonarios,https://media.api-sports.io/football/teams/1125.png,667,Friendlies Clubs,World,https://media.api-sports.io/football/leagues/667.png,2023,Attacker,0,0.0,22.0,,False,0.0,,,,,,,,,0,0,0,0,0.0,0.0,0.0,,,,,,,,,,
13663,J. Valencia,Valencia Mena,26,1999-11-15,Apartado,Colombia,Colombia,192 cm,72 kg,False,https://media.api-sports.io/football/players/13663.png,1125,Millonarios,https://media.api-sports.io/football/teams/1125.png,13,CONMEBOL Libertadores,World,https://media.api-sports.io/football/leagues/13.png,2023,Attacker,0,0.0,90.0,6.375000,False,0.0,0.0,,,34.0,,,3.0,1.0,0,0,0,0,0.0,0.0,0.0,0.0,0.0,,8.0,1.0,,23.0,5.0,4.0,2.0
13699,I. Alba,Alba Marín,30,1995-05-06,Manizales,Colombia,Colombia,178 cm,75 kg,False,https://media.api-sports.io/football/players/13699.png,1125,Millonarios,https://media.api-sports.io/football/teams/1125.png,239,Primera A,Colombia,https://media.api-sports.io/football/leagues/239.png,2023,Defender,0,7.0,650.0,6.992857,False,1.0,0.0,1.0,,427.0,19.0,,10.0,5.0,0,0,0,0,1.0,0.0,0.0,0.0,0.0,,17.0,9.0,,67.0,36.0,4.0,5.0
13699,I. Alba,Alba Marín,30,1995-05-06,Manizales,Colombia,Colombia,178 cm,75 kg,False,https://media.api-sports.io/football/players/13699.png,1125,Millonarios,https://media.api-sports.io/football/teams/1125.png,13,CONMEBOL Libertadores,World,https://media.api-sports.io/football/leagues/13.png,2023,Defender,0,0.0,44.0,6.700000,False,0.0,0.0,,,28.0,,,,,0,0,0,0,0.0,0.0,0.0,0.0,0.0,,,,,4.0,2.0,,
13699,I. Alba,Alba Marín,30,1995-05-06,Manizales,Colombia,Colombia,178 cm,75 kg,False,https://media.api-sports.io/football/players/13699.png,1125,Millonarios,https://media.api-sports.io/football/teams/1125.png,11,CONMEBOL Sudamericana,World,https://media.api-sports.io/football/leagues/11.png,2023,Defender,0,0.0,37.0,6.900000,False,0.0,0.0,,,18.0,,,,,0,0,0,0,0.0,0.0,0.0,0.0,0.0,,,,,6.0,4.0,,
13699,I. Alba,Alba Marín,30,1995-05-06,Manizales,Colombia,Colombia,178 cm,75 kg,False,https://media.api-sports.io/football/players/13699.png,1125,Millonarios,https://media.api-sports.io/football/teams/1125.png,667,Friendlies Clubs,World,https://media.api-sports.io/football/leagues/667.png,2023,Defender,0,0.0,22.0,,False,0.0,,,,,,,,,0,0,0,0,0.0,0.0,0.0,,,,,,,,,,
13819,J. Pereira,Pereira Díaz,32,1993-02-08,Cartagena,Colombia,Colombia,182 cm,75 kg,False,https://media.api-sports.io/football/players/13819.png,1125,Millonarios,https://media.api-sports.io/football/teams/1125.png,239,Primera A,Colombia,https://media.api-sports.io/football/leagues/239.png,2023,Midfielder,0,23.0,2009.0,7.016129,False,2.0,0.0,5.0,,1098.0,31.0,,16.0,8.0,0,0,0,0,2.0,0.0,0.0,2.0,0.0,,30.0,16.0,,142.0,74.0,12.0,17.0
13819,J. Pereira,Pereira Díaz,32,1993-02-08,Cartagena,Colombia,Colombia,182 cm,75 kg,False,https://media.api-sports.io/football/players/13819.png,1125,Millonarios,https://media.api-sports.io/football/teams/1125.png,241,Copa Colombia,Colombia,https://media.api-sports.io/football/leagues/241.png,2023,Midfielder,0,5.0,415.0,,False,0.0,,,,,,,,,0,0,0,0,0.0,0.0,0.0,,,,,,,,,,
13819,J. Pereira,Pereira Díaz,32,1993-02-08,Cartagena,Colombia,Colombia,182 cm,75 kg,False,https://media.api-sports.io/football/players/13819.png,1125,Millonarios,https://media.api-sports.io/football/teams/1125.png,11,CONMEBOL Sudamericana,World,https://media.api-sports.io/football/leagues/11.png,2023,Midfielder,0,0.0,20.0,6.800000,False,0.0,0.0,,,20.0,1.0,,1.0,,0,0,0,0,0.0,0.0,0.0,0.0,0.0,,,,,1.0,1.0,,
13819,J. Pereira,Pereira Díaz,32,1993-02-08,Cartagena,Colombia,Colombia,182 cm,75 kg,False,https://media.api-sports.io/football/players/13819.png,1125,Millonarios,https://media.api-sports.io/football/teams/1125.png,667,Friendlies Clubs,World,https://media.api-sports.io/football/leagues/667.png,2023,Midfielder,0,1.0,76.0,,False,0.0,,,,,,,,,0,0,0,0,0.0,0.0,0.0,,,,,,,,,,
13819,J. Pereira,Pereira Díaz,32,1993-02-08,Cartagena,Colombia,Colombia,182 cm,75 kg,False,https://media.api-sports.io/football/players/13819.png,1125,Millonarios,https://media.api-sports.io/football/teams/1125.png,13,CONMEBOL Libertadores,World,https://media.api-sports.io/football/leagues/13.png,2023,Midfielder,0,2.0,157.0,6.850000,False,0.0,0.0,,,65.0,2.0,,2.0,1.0,0,0,0,0,1.0,0.0,0.0,0.0,0.0,,7.0,5.0,,21.0,9.0,1.0,
59635,D. Ruiz,Ruiz Rivera,24,2001-07-30,Bogotá,Colombia,Colombia,170 cm,68 kg,False,https://media.api-sports.io/football/players/59635.png,1125,Millonarios,https://media.api-sports.io/football/teams/1125.png,241,Copa Colombia,Colombia,https://media.api-sports.io/football/leagues/241.png,2023,Attacker,0,6.0,525.0,,False,1.0,,,,,,,,,0,0,0,0,3.0,0.0,0.0,,,,,,,,,,
59635,D. Ruiz,Ruiz Rivera,24,2001-07-30,Bogotá,Colombia,Colombia,170 cm,68 kg,False,https://media.api-sports.io/football/players/59635.png,1125,Millonarios,https://media.api-sports.io/football/teams/1125.png,667,Friendlies Clubs,World,https://media.api-sports.io/football/leagues/667.png,2023,Attacker,0,0.0,22.0,,False,0.0,,,,,,,,,0,0,0,0,0.0,0.0,0.0,,,,,,,,,,
59635,D. Ruiz,Ruiz Rivera,24,2001-07-30,Bogotá,Colombia,Colombia,170 cm,68 kg,False,https://media.api-sports.io/football/players/59635.png,1125,Millonarios,https://media.api-sports.io/football/teams/1125.png,239,Primera A,Colombia,https://media.api-sports.io/football/leagues/239.png,2023,Attacker,0,0.0,0.0,7.215384,False,0.0,0.0,3.0,,472.0,28.0,,15.0,6.0,0,0,0,0,0.0,0.0,0.0,0.0,0.0,,24.0,10.0,,112.0,56.0,6.0,29.0
59657,O. Vanegas,Vanegas Zúñiga,29,1996-05-07,Sincelejo,Colombia,Colombia,178 cm,74 kg,False,https://media.api-sports.io/football/players/59657.png,1125,Millonarios,https://media.api-sports.io/football/teams/1125.png,239,Primera A,Colombia,https://media.api-sports.io/football/leagues/239.png,2023,Defender,0,12.0,1058.0,6.923076,False,0.0,0.0,,,446.0,1.0,,11.0,4.0,0,0,0,0,5.0,0.0,0.0,0.0,0.0,,2.0,2.0,,56.0,37.0,12.0,4.0
59657,O. Vanegas,Vanegas Zúñiga,29,1996-05-07,Sincelejo,Colombia,Colombia,178 cm,74 kg,False,https://media.api-sports.io/football/players/59657.png,1125,Millonarios,https://media.api-sports.io/football/teams/1125.png,241,Copa Colombia,Colombia,https://media.api-sports.io/football/leagues/241.png,2023,Defender,0,1.0,90.0,,False,0.0,,,,,,,,,0,0,0,0,0.0,0.0,0.0,,,,,,,,,,
59657,O. Vanegas,Vanegas Zúñiga,29,1996-05-07,Sincelejo,Colombia,Colombia,178 cm,74 kg,False,https://media.api-sports.io/football/players/59657.png,1125,Millonarios,https://media.api-sports.io/football/teams/1125.png,11,CONMEBOL Sudamericana,World,https://media.api-sports.io/football/leagues/11.png,2023,Defender,0,0.0,0.0,,False,0.0,0.0,,,,,,,,0,0,0,0,0.0,0.0,0.0,0.0,0.0,,,,,,,,
59657,O. Vanegas,Vanegas Zúñiga,29,1996-05-07,Sincelejo,Colombia,Colombia,178 cm,74 kg,False,https://media.api-sports.io/football/players/59657.png,1125,Millonarios,https://media.api-sports.io/football/teams/1125.png,667,Friendlies Clubs,World,https://media.api-sports.io/football/leagues/667.png,2023,Defender,0,0.0,18.0,,False,0.0,,,,,,,,,0,0,0,0,0.0,0.0,0.0,,,,,,,,,,
59657,O. Vanegas,Vanegas Zúñiga,29,1996-05-07,Sincelejo,Colombia,Colombia,178 cm,74 kg,False,https://media.api-sports.io/football/players/59657.png,1125,Millonarios,https://media.api-sports.io/football/teams/1125.png,13,CONMEBOL Libertadores,World,https://media.api-sports.io/football/leagues/13.png,2023,Defender,0,1.0,96.0,6.400000,False,0.0,0.0,,,42.0,,,,,0,0,0,0,2.0,0.0,0.0,0.0,0.0,,,,,4.0,3.0,1.0,
70753,J. Arias,Arias De la Hoz,33,1992-11-13,Valledupar,Colombia,Colombia,184 cm,77 kg,False,https://media.api-sports.io/football/players/70753.png,1125,Millonarios,https://media.api-sports.io/football/teams/1125.png,239,Primera A,Colombia,https://media.api-sports.io/football/leagues/239.png,2023,Defender,0,32.0,2897.0,6.838461,False,2.0,0.0,,,1389.0,10.0,,15.0,3.0,0,0,0,0,14.0,0.0,0.0,0.0,0.0,,10.0,8.0,,203.0,111.0,35.0,17.0
70753,J. Arias,Arias De la Hoz,33,1992-11-13,Valledupar,Colombia,Colombia,184 cm,77 kg,False,https://media.api-sports.io/football/players/70753.png,1125,Millonarios,https://media.api-sports.io/football/teams/1125.png,241,Copa Colombia,Colombia,https://media.api-sports.io/football/leagues/241.png,2023,Defender,0,3.0,283.0,,False,0.0,,,,,,,,,0,0,0,0,1.0,0.0,0.0,,,,,,,,,,
70753,J. Arias,Arias De la Hoz,33,1992-11-13,Valledupar,Colombia,Colombia,184 cm,77 kg,False,https://media.api-sports.io/football/players/70753.png,1125,Millonarios,https://media.api-sports.io/football/teams/1125.png,11,CONMEBOL Sudamericana,World,https://media.api-sports.io/football/leagues/11.png,2023,Defender,0,5.0,450.0,7.000000,False,1.0,0.0,,,261.0,2.0,43.0,3.0,1.0,0,0,0,0,1.0,0.0,0.0,0.0,0.0,,3.0,3.0,,44.0,24.0,6.0,2.0
70753,J. Arias,Arias De la Hoz,33,1992-11-13,Valledupar,Colombia,Colombia,184 cm,77 kg,False,https://media.api-sports.io/football/players/70753.png,1125,Millonarios,https://media.api-sports.io/football/teams/1125.png,667,Friendlies Clubs,World,https://media.api-sports.io/football/leagues/667.png,2023,Defender,0,0.0,0.0,,False,0.0,,,,,,,,,0,0,0,0,0.0,0.0,0.0,,,,,,,,,,
70753,J. Arias,Arias De la Hoz,33,1992-11-13,Valledupar,Colombia,Colombia,184 cm,77 kg,False,https://media.api-sports.io/football/players/70753.png,1125,Millonarios,https://media.api-sports.io/football/teams/1125.png,13,CONMEBOL Libertadores,World,https://media.api-sports.io/football/leagues/13.png,2023,Defender,0,1.0,90.0,7.000000,False,0.0,0.0,,,37.0,,,,,0,0,0,0,0.0,0.0,0.0,0.0,0.0,,2.0,2.0,,14.0,10.0,2.0,
351922,S. Asprilla,Asprilla Gallego,22,2003-11-30,Apartadó,Colombia,Colombia,182 cm,69 kg,False,https://media.api-sports.io/football/players/351922.png,1125,Millonarios,https://media.api-sports.io/football/teams/1125.png,239,Primera A,Colombia,https://media.api-sports.io/football/leagues/239.png,2023,Defender,0,14.0,1165.0,6.681250,False,1.0,0.0,1.0,,485.0,8.0,,4.0,3.0,0,0,0,0,2.0,0.0,0.0,0.0,0.0,,11.0,4.0,,90.0,37.0,15.0,5.0
351922,S. Asprilla,Asprilla Gallego,22,2003-11-30,Apartadó,Colombia,Colombia,182 cm,69 kg,False,https://media.api-sports.io/football/players/351922.png,1125,Millonarios,https://media.api-sports.io/football/teams/1125.png,241,Copa Colombia,Colombia,https://media.api-sports.io/football/leagues/241.png,2023,Defender,0,1.0,90.0,,False,0.0,,,,,,,,,0,0,0,0,0.0,0.0,0.0,,,,,,,,,,
351922,S. Asprilla,Asprilla Gallego,22,2003-11-30,Apartadó,Colombia,Colombia,182 cm,69 kg,False,https://media.api-sports.io/football/players/351922.png,1125,Millonarios,https://media.api-sports.io/football/teams/1125.png,11,CONMEBOL Sudamericana,World,https://media.api-sports.io/football/leagues/11.png,2023,Defender,0,0.0,0.0,,False,0.0,0.0,,,,,,,,0,0,0,0,0.0,0.0,0.0,0.0,0.0,,,,,,,,
351923,Ó. Cortés,Cortés Cortés,22,2003-12-03,Túmaco,Colombia,Colombia,176 cm,74 kg,False,https://media.api-sports.io/football/players/351923.png,1125,Millonarios,https://media.api-sports.io/football/teams/1125.png,239,Primera A,Colombia,https://media.api-sports.io/football/leagues/239.png,2023,Attacker,0,7.0,718.0,6.990909,False,5.0,0.0,2.0,,349.0,15.0,,21.0,15.0,0,0,0,0,1.0,0.0,0.0,0.0,0.0,,13.0,6.0,,81.0,31.0,8.0,15.0
351923,Ó. Cortés,Cortés Cortés,22,2003-12-03,Túmaco,Colombia,Colombia,176 cm,74 kg,False,https://media.api-sports.io/football/players/351923.png,1125,Millonarios,https://media.api-sports.io/football/teams/1125.png,667,Friendlies Clubs,World,https://media.api-sports.io/football/leagues/667.png,2023,Attacker,0,0.0,0.0,,False,0.0,,,,,,,,,0,0,0,0,0.0,0.0,0.0,,,,,,,,,,
351923,Ó. Cortés,Cortés Cortés,22,2003-12-03,Túmaco,Colombia,Colombia,176 cm,74 kg,False,https://media.api-sports.io/football/players/351923.png,1125,Millonarios,https://media.api-sports.io/football/teams/1125.png,13,CONMEBOL Libertadores,World,https://media.api-sports.io/football/leagues/13.png,2023,Attacker,0,3.0,273.0,6.775000,False,0.0,0.0,1.0,,121.0,6.0,,5.0,,0,0,0,0,0.0,0.0,0.0,0.0,0.0,,13.0,6.0,,30.0,12.0,1.0,2.0
351923,Ó. Cortés,Cortés Cortés,22,2003-12-03,Túmaco,Colombia,Colombia,176 cm,74 kg,False,https://media.api-sports.io/football/players/351923.png,1125,Millonarios,https://media.api-sports.io/football/teams/1125.png,11,CONMEBOL Sudamericana,World,https://media.api-sports.io/football/leagues/11.png,2023,Attacker,0,4.0,360.0,6.925000,False,1.0,0.0,,,185.0,6.0,,8.0,3.0,0,0,0,0,0.0,0.0,0.0,0.0,0.0,,17.0,8.0,,51.0,24.0,4.0,7.0
351924,J. Carvajal,Carvajal Granados,22,2003-07-23,Bogotá,Colombia,Colombia,190 cm,78 kg,False,https://media.api-sports.io/football/players/351924.png,1125,Millonarios,https://media.api-sports.io/football/teams/1125.png,239,Primera A,Colombia,https://media.api-sports.io/football/leagues/239.png,2023,Attacker,0,2.0,187.0,6.560000,False,1.0,0.0,,,46.0,2.0,,4.0,3.0,0,0,0,0,0.0,0.0,0.0,0.0,0.0,,2.0,1.0,,22.0,5.0,6.0,1.0
351924,J. Carvajal,Carvajal Granados,22,2003-07-23,Bogotá,Colombia,Colombia,190 cm,78 kg,False,https://media.api-sports.io/football/players/351924.png,1125,Millonarios,https://media.api-sports.io/football/teams/1125.png,241,Copa Colombia,Colombia,https://media.api-sports.io/football/leagues/241.png,2023,Attacker,0,0.0,12.0,,False,1.0,,,,,,,,,0,0,0,0,0.0,0.0,0.0,,,,,,,,,,
351925,B. Castro,Castro Espinosa,22,2003-09-12,Cartagena,Colombia,Colombia,176 cm,77 kg,False,https://media.api-sports.io/football/players/351925.png,1125,Millonarios,https://media.api-sports.io/football/teams/1125.png,239,Primera A,Colombia,https://media.api-sports.io/football/leagues/239.png,2023,Attacker,0,16.0,1410.0,6.850000,False,6.0,0.0,3.0,,356.0,26.0,,22.0,13.0,0,0,0,0,3.0,0.0,0.0,0.0,0.0,,24.0,7.0,,122.0,53.0,17.0,31.0
351925,B. Castro,Castro Espinosa,22,2003-09-12,Cartagena,Colombia,Colombia,176 cm,77 kg,False,https://media.api-sports.io/football/players/351925.png,1125,Millonarios,https://media.api-sports.io/football/teams/1125.png,241,Copa Colombia,Colombia,https://media.api-sports.io/football/leagues/241.png,2023,Attacker,0,2.0,241.0,,False,1.0,,,,,,,,,0,0,0,0,0.0,0.0,0.0,,,,,,,,,,
351925,B. Castro,Castro Espinosa,22,2003-09-12,Cartagena,Colombia,Colombia,176 cm,77 kg,False,https://media.api-sports.io/football/players/351925.png,1125,Millonarios,https://media.api-sports.io/football/teams/1125.png,11,CONMEBOL Sudamericana,World,https://media.api-sports.io/football/leagues/11.png,2023,Attacker,0,1.0,133.0,6.966666,False,0.0,0.0,1.0,,36.0,4.0,,1.0,,0,0,0,0,0.0,0.0,0.0,0.0,0.0,,2.0,,,5.0,2.0,,2.0
354067,N. Árevalo,Árevalo Chaparro,22,2003-01-13,Bogotá,Colombia,Colombia,176 cm,68 kg,False,https://media.api-sports.io/football/players/354067.png,1125,Millonarios,https://media.api-sports.io/football/teams/1125.png,239,Primera A,Colombia,https://media.api-sports.io/football/leagues/239.png,2023,Midfielder,0,6.0,432.0,6.600000,False,0.0,0.0,1.0,,224.0,4.0,,,,0,0,0,0,1.0,1.0,0.0,0.0,0.0,,9.0,4.0,,54.0,20.0,10.0,5.0
354067,N. Árevalo,Árevalo Chaparro,22,2003-01-13,Bogotá,Colombia,Colombia,176 cm,68 kg,False,https://media.api-sports.io/football/players/354067.png,1125,Millonarios,https://media.api-sports.io/football/teams/1125.png,11,CONMEBOL Sudamericana,World,https://media.api-sports.io/football/leagues/11.png,2023,Midfielder,0,0.0,0.0,,False,0.0,0.0,,,,,,,,0,0,0,0,0.0,0.0,0.0,0.0,0.0,,,,,,,,
354067,N. Árevalo,Árevalo Chaparro,22,2003-01-13,Bogotá,Colombia,Colombia,176 cm,68 kg,False,https://media.api-sports.io/football/players/354067.png,1125,Millonarios,https://media.api-sports.io/football/teams/1125.png,13,CONMEBOL Libertadores,World,https://media.api-sports.io/football/leagues/13.png,2023,Midfielder,0,0.0,0.0,,False,0.0,0.0,,,,,,,,0,0,0,0,0.0,0.0,0.0,0.0,0.0,,,,,,,,
439566,N. Villareal,Villareal Quiñones,20,2005-04-24,Túmaco,Colombia,Colombia,179 cm,75 kg,False,https://media.api-sports.io/football/players/439566.png,1125,Millonarios,https://media.api-sports.io/football/teams/1125.png,239,Primera A,Colombia,https://media.api-sports.io/football/leagues/239.png,2023,Midfielder,0,0.0,17.0,6.250000,False,0.0,0.0,,,5.0,,,,,0,0,0,0,0.0,0.0,0.0,0.0,0.0,,1.0,,,5.0,1.0,1.0,
265906,R. Brochero,Brochero Vásquez,25,2000-03-05,Calamar,Colombia,Colombia,180 cm,72 kg,False,https://media.api-sports.io/football/players/265906.png,1125,Millonarios,https://media.api-sports.io/football/teams/1125.png,239,Primera A,Colombia,https://media.api-sports.io/football/leagues/239.png,2023,Attacker,0,1.0,218.0,6.371428,False,0.0,0.0,,,51.0,1.0,,3.0,,0,0,0,0,1.0,0.0,0.0,0.0,0.0,,4.0,3.0,,29.0,12.0,5.0,6.0
265906,R. Brochero,Brochero Vásquez,25,2000-03-05,Calamar,Colombia,Colombia,180 cm,72 kg,False,https://media.api-sports.io/football/players/265906.png,1125,Millonarios,https://media.api-sports.io/football/teams/1125.png,11,CONMEBOL Sudamericana,World,https://media.api-sports.io/football/leagues/11.png,2023,Attacker,0,1.0,46.0,6.700000,False,0.0,0.0,,,5.0,1.0,,,,0,0,0,0,0.0,0.0,0.0,0.0,0.0,,2.0,1.0,,4.0,2.0,,1.0
265907,E. Guerra,Guerra Hernández,24,2001-03-09,Becerril,Colombia,Colombia,172 cm,75 kg,False,https://media.api-sports.io/football/players/265907.png,1125,Millonarios,https://media.api-sports.io/football/teams/1125.png,239,Primera A,Colombia,https://media.api-sports.io/football/leagues/239.png,2023,Midfielder,0,16.0,1495.0,6.632258,False,3.0,0.0,,,449.0,17.0,,22.0,8.0,0,0,0,0,5.0,0.0,0.0,0.0,0.0,,61.0,26.0,,188.0,90.0,20.0,21.0
265907,E. Guerra,Guerra Hernández,24,2001-03-09,Becerril,Colombia,Colombia,172 cm,75 kg,False,https://media.api-sports.io/football/players/265907.png,1125,Millonarios,https://media.api-sports.io/football/teams/1125.png,241,Copa Colombia,Colombia,https://media.api-sports.io/football/leagues/241.png,2023,Midfielder,0,3.0,270.0,,False,1.0,,,,,,,,,0,0,0,0,1.0,0.0,0.0,,,,,,,,,,
265907,E. Guerra,Guerra Hernández,24,2001-03-09,Becerril,Colombia,Colombia,172 cm,75 kg,False,https://media.api-sports.io/football/players/265907.png,1125,Millonarios,https://media.api-sports.io/football/teams/1125.png,13,CONMEBOL Libertadores,World,https://media.api-sports.io/football/leagues/13.png,2023,Midfielder,0,0.0,8.0,6.300000,False,0.0,0.0,,,1.0,,,,,0,0,0,0,0.0,0.0,0.0,0.0,0.0,,1.0,,,5.0,1.0,,
265907,E. Guerra,Guerra Hernández,24,2001-03-09,Becerril,Colombia,Colombia,172 cm,75 kg,False,https://media.api-sports.io/football/players/265907.png,1125,Millonarios,https://media.api-sports.io/football/teams/1125.png,11,CONMEBOL Sudamericana,World,https://media.api-sports.io/football/leagues/11.png,2023,Midfielder,0,0.0,45.0,6.900000,False,0.0,0.0,,,19.0,1.0,,2.0,1.0,0,0,0,0,0.0,0.0,0.0,0.0,0.0,,5.0,1.0,,15.0,9.0,,4.0
265907,E. Guerra,Guerra Hernández,24,2001-03-09,Becerril,Colombia,Colombia,172 cm,75 kg,False,https://media.api-sports.io/football/players/265907.png,1125,Millonarios,https://media.api-sports.io/football/teams/1125.png,667,Friendlies Clubs,World,https://media.api-sports.io/football/leagues/667.png,2023,Midfielder,0,0.0,22.0,,False,0.0,,,,,,,,,0,0,0,0,0.0,0.0,0.0,,,,,,,,,,
265960,D. Victoria,Victoria Palacios,24,2001-03-19,Bogotá,Colombia,Colombia,176 cm,68 kg,False,https://media.api-sports.io/football/players/265960.png,1125,Millonarios,https://media.api-sports.io/football/teams/1125.png,239,Primera A,Colombia,https://media.api-sports.io/football/leagues/239.png,2023,Midfielder,0,0.0,64.0,6.450000,False,0.0,0.0,,,34.0,,,,,0,0,0,0,1.0,0.0,0.0,0.0,0.0,,,,,6.0,2.0,2.0,
265960,D. Victoria,Victoria Palacios,24,2001-03-19,Bogotá,Colombia,Colombia,176 cm,68 kg,False,https://media.api-sports.io/football/players/265960.png,1125,Millonarios,https://media.api-sports.io/football/teams/1125.png,11,CONMEBOL Sudamericana,World,https://media.api-sports.io/football/leagues/11.png,2023,Midfielder,0,0.0,0.0,,False,0.0,0.0,,,,,,,,0,0,0,0,0.0,0.0,0.0,0.0,0.0,,,,,,,,
265960,D. Victoria,Victoria Palacios,24,2001-03-19,Bogotá,Colombia,Colombia,176 cm,68 kg,False,https://media.api-sports.io/football/players/265960.png,1125,Millonarios,https://media.api-sports.io/football/teams/1125.png,667,Friendlies Clubs,World,https://media.api-sports.io/football/leagues/667.png,2023,Midfielder,0,0.0,14.0,,False,0.0,,,,,,,,,0,0,0,0,0.0,0.0,0.0,,,,,,,,,,
265960,D. Victoria,Victoria Palacios,24,2001-03-19,Bogotá,Colombia,Colombia,176 cm,68 kg,False,https://media.api-sports.io/football/players/265960.png,1125,Millonarios,https://media.api-sports.io/football/teams/1125.png,13,CONMEBOL Libertadores,World,https://media.api-sports.io/football/leagues/13.png,2023,Midfielder,0,0.0,0.0,,False,0.0,,,,,,,,,0,0,0,0,0.0,0.0,0.0,,,,,,,,,,
265966,R. Rosales,Rosales Martínez,24,2001-01-31,Cartagena,Colombia,Colombia,181 cm,70 kg,False,https://media.api-sports.io/football/players/265966.png,1125,Millonarios,https://media.api-sports.io/football/teams/1125.png,239,Primera A,Colombia,https://media.api-sports.io/football/leagues/239.png,2023,Attacker,0,6.0,503.0,6.637500,False,0.0,0.0,,,169.0,1.0,,,,0,0,0,0,1.0,0.0,0.0,0.0,0.0,,6.0,4.0,,49.0,22.0,9.0,5.0
265966,R. Rosales,Rosales Martínez,24,2001-01-31,Cartagena,Colombia,Colombia,181 cm,70 kg,False,https://media.api-sports.io/football/players/265966.png,1125,Millonarios,https://media.api-sports.io/football/teams/1125.png,241,Copa Colombia,Colombia,https://media.api-sports.io/football/leagues/241.png,2023,Attacker,0,0.0,0.0,,False,0.0,,,,,,,,,0,0,0,0,0.0,0.0,0.0,,,,,,,,,,
265966,R. Rosales,Rosales Martínez,24,2001-01-31,Cartagena,Colombia,Colombia,181 cm,70 kg,False,https://media.api-sports.io/football/players/265966.png,1125,Millonarios,https://media.api-sports.io/football/teams/1125.png,11,CONMEBOL Sudamericana,World,https://media.api-sports.io/football/leagues/11.png,2023,Attacker,0,0.0,0.0,,False,0.0,0.0,,,,,,,,0,0,0,0,0.0,0.0,0.0,0.0,0.0,,,,,,,,
265966,R. Rosales,Rosales Martínez,24,2001-01-31,Cartagena,Colombia,Colombia,181 cm,70 kg,False,https://media.api-sports.io/football/players/265966.png,1125,Millonarios,https://media.api-sports.io/football/teams/1125.png,667,Friendlies Clubs,World,https://media.api-sports.io/football/leagues/667.png,2023,Attacker,0,0.0,0.0,,False,0.0,,,,,,,,,0,0,0,0,0.0,0.0,0.0,,,,,,,,,,
265966,R. Rosales,Rosales Martínez,24,2001-01-31,Cartagena,Colombia,Colombia,181 cm,70 kg,False,https://media.api-sports.io/football/players/265966.png,1125,Millonarios,https://media.api-sports.io/football/teams/1125.png,13,CONMEBOL Libertadores,World,https://media.api-sports.io/football/leagues/13.png,2023,Attacker,0,0.0,0.0,,False,0.0,0.0,,,,,,,,0,0,0,0,0.0,0.0,0.0,0.0,0.0,,,,,,,,
345748,A. Gómez,Gómez Hinestroza,23,2002-09-12,Quibdó,Colombia,Colombia,171 cm,61 kg,False,https://media.api-sports.io/football/players/345748.png,1125,Millonarios,https://media.api-sports.io/football/teams/1125.png,239,Primera A,Colombia,https://media.api-sports.io/football/leagues/239.png,2023,Attacker,0,0.0,0.0,,False,0.0,,,,,,,,,0,0,0,0,0.0,0.0,0.0,,,,,,,,,,
345748,A. Gómez,Gómez Hinestroza,23,2002-09-12,Quibdó,Colombia,Colombia,171 cm,61 kg,False,https://media.api-sports.io/football/players/345748.png,1125,Millonarios,https://media.api-sports.io/football/teams/1125.png,667,Friendlies Clubs,World,https://media.api-sports.io/football/leagues/667.png,2023,Attacker,0,0.0,0.0,,False,0.0,,,,,,,,,0,0,0,0,0.0,0.0,0.0,,,,,,,,,,
354023,K. Cortés,Cortés Díaz,22,2003-08-06,Villa Rica,Colombia,Colombia,175 cm,60 kg,False,https://media.api-sports.io/football/players/354023.png,1125,Millonarios,https://media.api-sports.io/football/teams/1125.png,239,Primera A,Colombia,https://media.api-sports.io/football/leagues/239.png,2023,Midfielder,0,0.0,6.0,6.700000,False,0.0,0.0,,,2.0,,,,,0,0,0,0,0.0,0.0,0.0,0.0,0.0,,1.0,1.0,,4.0,3.0,,1.0
