id_jugador,nombre,apellido,edad,fecha_nacimiento,pais_nacimiento,altura,peso,lesionado,foto,id_equipo,nombre_equipo,id_liga,nombre_liga,temporada,posicion,partidos_jugados,partidos_titular,minutos_jugados,goles_total,asistencias,tarjetas_amarillas,tarjetas_rojas,penales_anotados,penales_fallados
10182,F. Uribe,Uribe Hincapié,36,1988-01-01,Colombia,182 cm,77 kg,False,https://media.api-sports.io/football/players/10182.png,1125,Millonarios,239,Primera A,2023,Attacker,0,11.0,1229.0,4.0,,3.0,0.0,0.0,0.0
10182,F. Uribe,Uribe Hincapié,36,1988-01-01,Colombia,182 cm,77 kg,False,https://media.api-sports.io/football/players/10182.png,1125,Millonarios,241,Copa Colombia,2023,Attacker,0,0.0,93.0,0.0,,0.0,0.0,,
10182,F. Uribe,Uribe Hincapié,36,1988-01-01,Colombia,182 cm,77 kg,False,https://media.api-sports.io/football/players/10182.png,1125,Millonarios,11,CONMEBOL Sudamericana,2023,Attacker,0,1.0,100.0,0.0,,0.0,0.0,0.0,0.0
10182,F. Uribe,Uribe Hincapié,36,1988-01-01,Colombia,182 cm,77 kg,False,https://media.api-sports.io/football/players/10182.png,1125,Millonarios,667,Friendlies Clubs,2023,Attacker,0,0.0,0.0,0.0,,0.0,0.0,,
10182,F. Uribe,Uribe Hincapié,36,1988-01-01,Colombia,182 cm,77 kg,False,https://media.api-sports.io/football/players/10182.png,1125,Millonarios,13,CONMEBOL Libertadores,2023,Attacker,0,0.0,72.0,1.0,,0.0,0.0,0.0,0.0
13373,L. Vásquez,Vásquez Ortega,34,1991-09-19,Colombia,185 cm,85 kg,False,https://media.api-sports.io/football/players/13373.png,1125,Millonarios,239,Primera A,2023,Midfielder,0,28.0,2616.0,2.0,,10.0,0.0,0.0,0.0
13373,L. Vásquez,Vásquez Ortega,34,1991-09-19,Colombia,185 cm,85 kg,False,https://media.api-sports.io/football/players/13373.png,1125,Millonarios,241,Copa Colombia,2023,Midfielder,0,3.0,314.0,0.0,,0.0,0.0,,
13373,L. Vásquez,Vásquez Ortega,34,1991-09-19,Colombia,185 cm,85 kg,False,https://media.api-sports.io/football/players/13373.png,1125,Millonarios,13,CONMEBOL Libertadores,2023,Midfielder,0,3.0,252.0,0.0,,2.0,0.0,0.0,0.0
13373,L. Vásquez,Vásquez Ortega,34,1991-09-19,Colombia,185 cm,85 kg,False,https://media.api-sports.io/football/players/13373.png,1125,Millonarios,11,CONMEBOL Sudamericana,2023,Midfielder,0,4.0,385.0,0.0,,1.0,0.0,0.0,0.0
13373,L. Vásquez,Vásquez Ortega,34,1991-09-19,Colombia,185 cm,85 kg,False,https://media.api-sports.io/football/players/13373.png,1125,Millonarios,667,Friendlies Clubs,2023,Midfielder,0,0.0,13.0,0.0,,0.0,0.0,,
13436,D. Giraldo,Giraldo Cárdenas,33,1992-07-01,Colombia,178 cm,71 kg,False,https://media.api-sports.io/football/players/13436.png,1125,Millonarios,239,Primera A,2023,Midfielder,0,35.0,2980.0,1.0,1.0,11.0,1.0,0.0,0.0
13436,D. Giraldo,Giraldo Cárdenas,33,1992-07-01,Colombia,178 cm,71 kg,False,https://media.api-sports.io/football/players/13436.png,1125,Millonarios,241,Copa Colombia,2023,Midfielder,0,6.0,530.0,0.0,,1.0,0.0,,
13436,D. Giraldo,Giraldo Cárdenas,33,1992-07-01,Colombia,178 cm,71 kg,False,https://media.api-sports.io/football/players/13436.png,1125,Millonarios,11,CONMEBOL Sudamericana,2023,Midfielder,0,6.0,530.0,0.0,,2.0,0.0,0.0,0.0
13436,D. Giraldo,Giraldo Cárdenas,33,1992-07-01,Colombia,178 cm,71 kg,False,https://media.api-sports.io/football/players/13436.png,1125,Millonarios,667,Friendlies Clubs,2023,Midfielder,0,1.0,90.0,0.0,,1.0,0.0,,
13436,D. Giraldo,Giraldo Cárdenas,33,1992-07-01,Colombia,178 cm,71 kg,False,https://media.api-sports.io/football/players/13436.png,1125,Millonarios,13,CONMEBOL Libertadores,2023,Midfielder,0,4.0,306.0,0.0,,1.0,0.0,0.0,0.0
13504,E. Perlaza,Perlaza Lara,36,1989-03-07,Colombia,172 cm,75 kg,False,https://media.api-sports.io/football/players/13504.png,1125,Millonarios,239,Primera A,2023,Defender,0,26.0,2221.0,0.0,1.0,10.0,0.0,0.0,0.0
13504,E. Perlaza,Perlaza Lara,36,1989-03-07,Colombia,172 cm,75 kg,False,https://media.api-sports.io/football/players/13504.png,1125,Millonarios,241,Copa Colombia,2023,Defender,0,1.0,90.0,0.0,,0.0,0.0,,
13504,E. Perlaza,Perlaza Lara,36,1989-03-07,Colombia,172 cm,75 kg,False,https://media.api-sports.io/football/players/13504.png,1125,Millonarios,11,CONMEBOL Sudamericana,2023,Defender,0,6.0,540.0,1.0,,1.0,0.0,0.0,0.0
13504,E. Perlaza,Perlaza Lara,36,1989-03-07,Colombia,172 cm,75 kg,False,https://media.api-sports.io/football/players/13504.png,1125,Millonarios,667,Friendlies Clubs,2023,Defender,0,1.0,68.0,0.0,,0.0,0.0,,
13504,E. Perlaza,Perlaza Lara,36,1989-03-07,Colombia,172 cm,75 kg,False,https://media.api-sports.io/football/players/13504.png,1125,Millonarios,13,CONMEBOL Libertadores,2023,Defender,0,4.0,316.0,0.0,,1.0,0.0,0.0,0.0
13597,L. Ruiz,Ruiz Morales,36,1987-01-08,Colombia,182 cm,77 kg,False,https://media.api-sports.io/football/players/13597.png,1125,Millonarios,239,Primera A,2023,Attacker,0,4.0,362.0,1.0,1.0,1.0,0.0,1.0,0.0
13597,L. Ruiz,Ruiz Morales,36,1987-01-08,Colombia,182 cm,77 kg,False,https://media.api-sports.io/football/players/13597.png,1125,Millonarios,13,CONMEBOL Libertadores,2023,Attacker,0,0.0,0.0,0.0,,0.0,0.0,,
13606,A. Murillo,Murillo Segura,29,1996-04-01,Colombia,183 cm,82 kg,False,https://media.api-sports.io/football/players/13606.png,1125,Millonarios,239,Primera A,2023,Defender,0,6.0,534.0,0.0,,2.0,0.0,0.0,0.0
13606,A. Murillo,Murillo Segura,29,1996-04-01,Colombia,183 cm,82 kg,False,https://media.api-sports.io/football/players/13606.png,1125,Millonarios,241,Copa Colombia,2023,Defender,0,1.0,90.0,0.0,,0.0,0.0,,
13606,A. Murillo,Murillo Segura,29,1996-04-01,Colombia,183 cm,82 kg,False,https://media.api-sports.io/football/players/13606.png,1125,Millonarios,13,CONMEBOL Libertadores,2023,Defender,0,0.0,0.0,0.0,,0.0,0.0,0.0,0.0
13606,A. Murillo,Murillo Segura,29,1996-04-01,Colombia,183 cm,82 kg,False,https://media.api-sports.io/football/players/13606.png,1125,Millonarios,11,CONMEBOL Sudamericana,2023,Defender,0,0.0,0.0,0.0,,0.0,0.0,0.0,0.0
13606,A. Murillo,Murillo Segura,29,1996-04-01,Colombia,183 cm,82 kg,False,https://media.api-sports.io/football/players/13606.png,1125,Millonarios,667,Friendlies Clubs,2023,Defender,0,0.0,23.0,0.0,,0.0,0.0,,
13631,J. Moreno,Moreno Córdoba,25,1999-07-09,Colombia,194 cm,84 kg,False,https://media.api-sports.io/football/players/13631.png,1125,Millonarios,239,Primera A,2023,Goalkeeper,0,15.0,1350.0,0.0,,0.0,0.0,0.0,0.0
13631,J. Moreno,Moreno Córdoba,25,1999-07-09,Colombia,194 cm,84 kg,False,https://media.api-sports.io/football/players/13631.png,1125,Millonarios,241,Copa Colombia,2023,Goalkeeper,0,1.0,90.0,0.0,,0.0,0.0,,
13631,J. Moreno,Moreno Córdoba,25,1999-07-09,Colombia,194 cm,84 kg,False,https://media.api-sports.io/football/players/13631.png,1125,Millonarios,11,CONMEBOL Sudamericana,2023,Goalkeeper,0,0.0,0.0,0.0,,0.0,0.0,0.0,0.0
13631,J. Moreno,Moreno Córdoba,25,1999-07-09,Colombia,194 cm,84 kg,False,https://media.api-sports.io/football/players/13631.png,1125,Millonarios,667,Friendlies Clubs,2023,Goalkeeper,0,0.0,0.0,0.0,,0.0,0.0,,
13631,J. Moreno,Moreno Córdoba,25,1999-07-09,Colombia,194 cm,84 kg,False,https://media.api-sports.io/football/players/13631.png,1125,Millonarios,13,CONMEBOL Libertadores,2023,Goalkeeper,0,0.0,0.0,0.0,,0.0,0.0,0.0,0.0
13634,O. Bertel,Bertel Vergara,29,1996-09-09,Colombia,174 cm,71 kg,False,https://media.api-sports.io/football/players/13634.png,1125,Millonarios,239,Primera A,2023,Defender,0,22.0,2136.0,0.0,3.0,1.0,0.0,0.0,0.0
13634,O. Bertel,Bertel Vergara,29,1996-09-09,Colombia,174 cm,71 kg,False,https://media.api-sports.io/football/players/13634.png,1125,Millonarios,241,Copa Colombia,2023,Defender,0,5.0,450.0,0.0,,1.0,0.0,,
13634,O. Bertel,Bertel Vergara,29,1996-09-09,Colombia,174 cm,71 kg,False,https://media.api-sports.io/football/players/13634.png,1125,Millonarios,667,Friendlies Clubs,2023,Defender,0,1.0,67.0,0.0,,0.0,0.0,,
13634,O. Bertel,Bertel Vergara,29,1996-09-09,Colombia,174 cm,71 kg,False,https://media.api-sports.io/football/players/13634.png,1125,Millonarios,13,CONMEBOL Libertadores,2023,Defender,0,3.0,270.0,0.0,,0.0,0.0,0.0,0.0
13634,O. Bertel,Bertel Vergara,29,1996-09-09,Colombia,174 cm,71 kg,False,https://media.api-sports.io/football/players/13634.png,1125,Millonarios,11,CONMEBOL Sudamericana,2023,Defender,0,2.0,174.0,0.0,,0.0,0.0,0.0,0.0
13637,K. Moreno,Moreno Robles,25,2000-08-09,Colombia,186 cm,83 kg,False,https://media.api-sports.io/football/players/13637.png,1125,Millonarios,239,Primera A,2023,Midfielder,0,6.0,487.0,0.0,,1.0,0.0,0.0,0.0
13637,K. Moreno,Moreno Robles,25,2000-08-09,Colombia,186 cm,83 kg,False,https://media.api-sports.io/football/players/13637.png,1125,Millonarios,241,Copa Colombia,2023,Midfielder,0,0.0,4.0,0.0,,0.0,0.0,,
13637,K. Moreno,Moreno Robles,25,2000-08-09,Colombia,186 cm,83 kg,False,https://media.api-sports.io/football/players/13637.png,1125,Millonarios,11,CONMEBOL Sudamericana,2023,Midfielder,0,0.0,0.0,0.0,,0.0,0.0,0.0,0.0
13637,K. Moreno,Moreno Robles,25,2000-08-09,Colombia,186 cm,83 kg,False,https://media.api-sports.io/football/players/13637.png,1125,Millonarios,667,Friendlies Clubs,2023,Midfielder,0,0.0,0.0,0.0,,0.0,0.0,,
13637,K. Moreno,Moreno Robles,25,2000-08-09,Colombia,186 cm,83 kg,False,https://media.api-sports.io/football/players/13637.png,1125,Millonarios,13,CONMEBOL Libertadores,2023,Midfielder,0,0.0,0.0,0.0,,0.0,0.0,0.0,0.0
13638,S. Navarro,Navarro Otalora,25,2000-07-15,Colombia,186 cm,74 kg,False,https://media.api-sports.io/football/players/13638.png,1125,Millonarios,667,Friendlies Clubs,2023,Midfielder,0,0.0,0.0,0.0,,0.0,0.0,,
13655,J. Rengifo,Rengifo Clevel,27,1997-01-21,Colombia,176 cm,63 kg,False,https://media.api-sports.io/football/players/13655.png,1125,Millonarios,667,Friendlies Clubs,2023,Attacker,0,0.0,0.0,0.0,,0.0,0.0,,
196852,D. Abadía,Abadía García,24,1999-05-01,Colombia,179 cm,76 kg,False,https://media.api-sports.io/football/players/196852.png,1125,Millonarios,239,Primera A,2023,Attacker,0,,,,,,,,
196852,D. Abadía,Abadía García,24,1999-05-01,Colombia,179 cm,76 kg,False,https://media.api-sports.io/football/players/196852.png,1125,Millonarios,667,Friendlies Clubs,2023,Attacker,0,0.0,0.0,0.0,,0.0,0.0,,
265959,A. Moreno,Moreno Paz,22,2002-01-25,Colombia,185 cm,79 kg,False,https://media.api-sports.io/football/players/265959.png,1125,Millonarios,239,Primera A,2023,Defender,0,11.0,1034.0,1.0,,1.0,0.0,0.0,0.0
265959,A. Moreno,Moreno Paz,22,2002-01-25,Colombia,185 cm,79 kg,False,https://media.api-sports.io/football/players/265959.png,1125,Millonarios,11,CONMEBOL Sudamericana,2023,Defender,0,1.0,90.0,0.0,,1.0,0.0,0.0,0.0
265959,A. Moreno,Moreno Paz,22,2002-01-25,Colombia,185 cm,79 kg,False,https://media.api-sports.io/football/players/265959.png,1125,Millonarios,667,Friendlies Clubs,2023,Defender,0,0.0,0.0,0.0,,0.0,0.0,,
265959,A. Moreno,Moreno Paz,22,2002-01-25,Colombia,185 cm,79 kg,False,https://media.api-sports.io/football/players/265959.png,1125,Millonarios,13,CONMEBOL Libertadores,2023,Defender,0,0.0,0.0,0.0,,0.0,0.0,0.0,0.0
265963,L. Paredes,Paredes Busatamante,23,2001-06-13,Colombia,180 cm,74 kg,False,https://media.api-sports.io/football/players/265963.png,1125,Millonarios,239,Primera A,2023,Attacker,0,13.0,1222.0,2.0,,0.0,0.0,0.0,0.0
265963,L. Paredes,Paredes Busatamante,23,2001-06-13,Colombia,180 cm,74 kg,False,https://media.api-sports.io/football/players/265963.png,1125,Millonarios,241,Copa Colombia,2023,Attacker,0,2.0,195.0,0.0,,0.0,0.0,,
265963,L. Paredes,Paredes Busatamante,23,2001-06-13,Colombia,180 cm,74 kg,False,https://media.api-sports.io/football/players/265963.png,1125,Millonarios,11,CONMEBOL Sudamericana,2023,Attacker,0,2.0,155.0,1.0,,0.0,0.0,0.0,0.0
265963,L. Paredes,Paredes Busatamante,23,2001-06-13,Colombia,180 cm,74 kg,False,https://media.api-sports.io/football/players/265963.png,1125,Millonarios,13,CONMEBOL Libertadores,2023,Attacker,0,0.0,3.0,0.0,,0.0,0.0,0.0,0.0
265969,C. Romero,Romero Jiménez,23,2001-06-21,Colombia,191 cm,81 kg,False,https://media.api-sports.io/football/players/265969.png,1125,Millonarios,239,Primera A,2023,Goalkeeper,0,0.0,0.0,0.0,,0.0,0.0,0.0,0.0
265969,C. Romero,Romero Jiménez,23,2001-06-21,Colombia,191 cm,81 kg,False,https://media.api-sports.io/football/players/265969.png,1125,Millonarios,241,Copa Colombia,2023,Goalkeeper,0,0.0,0.0,0.0,,0.0,0.0,,
265969,C. Romero,Romero Jiménez,23,2001-06-21,Colombia,191 cm,81 kg,False,https://media.api-sports.io/football/players/265969.png,1125,Millonarios,11,CONMEBOL Sudamericana,2023,Goalkeeper,0,0.0,0.0,0.0,,0.0,0.0,,
265969,C. Romero,Romero Jiménez,23,2001-06-21,Colombia,191 cm,81 kg,False,https://media.api-sports.io/football/players/265969.png,1125,Millonarios,667,Friendlies Clubs,2023,Goalkeeper,0,0.0,0.0,0.0,,0.0,0.0,,
265969,C. Romero,Romero Jiménez,23,2001-06-21,Colombia,191 cm,81 kg,False,https://media.api-sports.io/football/players/265969.png,1125,Millonarios,13,CONMEBOL Libertadores,2023,Goalkeeper,0,0.0,0.0,0.0,,0.0,0.0,,
309389,J. Quiñones,Quiñones Guerrero,23,2002-10-08,Colombia,171 cm,68 kg,False,https://media.api-sports.io/football/players/309389.png,1125,Millonarios,239,Primera A,2023,Attacker,0,11.0,816.0,1.0,2.0,0.0,0.0,0.0,0.0
309389,J. Quiñones,Quiñones Guerrero,23,2002-10-08,Colombia,171 cm,68 kg,False,https://media.api-sports.io/football/players/309389.png,1125,Millonarios,241,Copa Colombia,2023,Attacker,0,0.0,0.0,0.0,,0.0,0.0,,
309389,J. Quiñones,Quiñones Guerrero,23,2002-10-08,Colombia,171 cm,68 kg,False,https://media.api-sports.io/football/players/309389.png,1125,Millonarios,667,Friendlies Clubs,2023,Attacker,0,1.0,68.0,0.0,,1.0,0.0,,
309389,J. Quiñones,Quiñones Guerrero,23,2002-10-08,Colombia,171 cm,68 kg,False,https://media.api-sports.io/football/players/309389.png,1125,Millonarios,13,CONMEBOL Libertadores,2023,Attacker,0,0.0,17.0,0.0,,0.0,0.0,0.0,0.0
309389,J. Quiñones,Quiñones Guerrero,23,2002-10-08,Colombia,171 cm,68 kg,False,https://media.api-sports.io/football/players/309389.png,1125,Millonarios,11,CONMEBOL Sudamericana,2023,Attacker,0,0.0,33.0,0.0,,0.0,0.0,0.0,0.0
354064,J. González,González Morán,21,2003-03-11,Colombia,189 cm,81 kg,False,https://media.api-sports.io/football/players/354064.png,1125,Millonarios,239,Primera A,2023,Goalkeeper,0,0.0,0.0,0.0,,0.0,0.0,0.0,0.0
354064,J. González,González Morán,21,2003-03-11,Colombia,189 cm,81 kg,False,https://media.api-sports.io/football/players/354064.png,1125,Millonarios,11,CONMEBOL Sudamericana,2023,Goalkeeper,0,0.0,0.0,0.0,,0.0,0.0,,
405539,J. Torres,Torres Henríquez,24,2001-03-31,Colombia,168 cm,63 kg,False,https://media.api-sports.io/football/players/405539.png,1125,Millonarios,239,Primera A,2023,Midfielder,0,3.0,203.0,0.0,,2.0,0.0,0.0,0.0
405539,J. Torres,Torres Henríquez,24,2001-03-31,Colombia,168 cm,63 kg,False,https://media.api-sports.io/football/players/405539.png,1125,Millonarios,11,CONMEBOL Sudamericana,2023,Midfielder,0,0.0,0.0,0.0,,0.0,0.0,0.0,0.0
405539,J. Torres,Torres Henríquez,24,2001-03-31,Colombia,168 cm,63 kg,False,https://media.api-sports.io/football/players/405539.png,1125,Millonarios,13,CONMEBOL Libertadores,2023,Midfielder,0,0.0,0.0,0.0,,0.0,0.0,,
414428,J. Hernández,Hernández Mejía,18,2006-02-20,Colombia,179 cm,75 kg,False,https://media.api-sports.io/football/players/414428.png,1125,Millonarios,239,Primera A,2023,Defender,0,0.0,94.0,0.0,,0.0,0.0,0.0,0.0
426552,S. Navarro,Navarro de la Cruz,21,2003-07-22,Colombia,,,False,https://media.api-sports.io/football/players/426552.png,1125,Millonarios,239,Primera A,2023,Attacker,0,13.0,1099.0,0.0,,0.0,0.0,0.0,0.0
426552,S. Navarro,Navarro de la Cruz,21,2003-07-22,Colombia,,,False,https://media.api-sports.io/football/players/426552.png,1125,Millonarios,241,Copa Colombia,2023,Attacker,0,5.0,406.0,0.0,,1.0,0.0,,
2481,Á. Montero,Montero Perales,30,1995-03-29,Colombia,197 cm,98 kg,False,https://media.api-sports.io/football/players/2481.png,1125,Millonarios,239,Primera A,2023,Goalkeeper,0,39.0,3510.0,0.0,,3.0,0.0,0.0,0.0
2481,Á. Montero,Montero Perales,30,1995-03-29,Colombia,197 cm,98 kg,False,https://media.api-sports.io/football/players/2481.png,1125,Millonarios,241,Copa Colombia,2023,Goalkeeper,0,7.0,630.0,0.0,,0.0,0.0,,
2481,Á. Montero,Montero Perales,30,1995-03-29,Colombia,197 cm,98 kg,False,https://media.api-sports.io/football/players/2481.png,1125,Millonarios,11,CONMEBOL Sudamericana,2023,Goalkeeper,0,6.0,540.0,0.0,,0.0,0.0,0.0,0.0
2481,Á. Montero,Montero Perales,30,1995-03-29,Colombia,197 cm,98 kg,False,https://media.api-sports.io/football/players/2481.png,1125,Millonarios,667,Friendlies Clubs,2023,Goalkeeper,0,1.0,90.0,0.0,,1.0,0.0,,
2481,Á. Montero,Montero Perales,30,1995-03-29,Colombia,197 cm,98 kg,False,https://media.api-sports.io/football/players/2481.png,1125,Millonarios,13,CONMEBOL Libertadores,2023,Goalkeeper,0,4.0,360.0,0.0,,0.0,0.0,0.0,0.0
2836,J. Vargas,Vargas Campos,30,1995-06-06,Costa Rica,192 cm,88 kg,False,https://media.api-sports.io/football/players/2836.png,1125,Millonarios,239,Primera A,2023,Defender,0,34.0,2988.0,3.0,1.0,4.0,0.0,0.0,0.0
2836,J. Vargas,Vargas Campos,30,1995-06-06,Costa Rica,192 cm,88 kg,False,https://media.api-sports.io/football/players/2836.png,1125,Millonarios,241,Copa Colombia,2023,Defender,0,6.0,540.0,0.0,,0.0,0.0,,
2836,J. Vargas,Vargas Campos,30,1995-06-06,Costa Rica,192 cm,88 kg,False,https://media.api-sports.io/football/players/2836.png,1125,Millonarios,667,Friendlies Clubs,2023,Defender,0,1.0,90.0,0.0,,0.0,0.0,,
2836,J. Vargas,Vargas Campos,30,1995-06-06,Costa Rica,192 cm,88 kg,False,https://media.api-sports.io/football/players/2836.png,1125,Millonarios,13,CONMEBOL Libertadores,2023,Defender,0,4.0,360.0,0.0,,0.0,0.0,0.0,0.0
2836,J. Vargas,Vargas Campos,30,1995-06-06,Costa Rica,192 cm,88 kg,False,https://media.api-sports.io/football/players/2836.png,1125,Millonarios,11,CONMEBOL Sudamericana,2023,Defender,0,5.0,419.0,0.0,1.0,0.0,0.0,0.0,0.0
13366,D. Cataño,Cataño Torres,33,1992-01-17,Colombia,174 cm,75 kg,False,https://media.api-sports.io/football/players/13366.png,1125,Millonarios,239,Primera A,2023,Midfielder,0,30.0,2484.0,6.0,6.0,11.0,0.0,0.0,0.0
13366,D. Cataño,Cataño Torres,33,1992-01-17,Colombia,174 cm,75 kg,False,https://media.api-sports.io/football/players/13366.png,1125,Millonarios,241,Copa Colombia,2023,Midfielder,0,4.0,417.0,0.0,,0.0,0.0,,
13366,D. Cataño,Cataño Torres,33,1992-01-17,Colombia,174 cm,75 kg,False,https://media.api-sports.io/football/players/13366.png,1125,Millonarios,13,CONMEBOL Libertadores,2023,Midfielder,0,4.0,311.0,1.0,1.0,0.0,0.0,0.0,0.0
13366,D. Cataño,Cataño Torres,33,1992-01-17,Colombia,174 cm,75 kg,False,https://media.api-sports.io/football/players/13366.png,1125,Millonarios,11,CONMEBOL Sudamericana,2023,Midfielder,0,5.0,424.0,1.0,,1.0,0.0,0.0,0.0
13366,D. Cataño,Cataño Torres,33,1992-01-17,Colombia,174 cm,75 kg,False,https://media.api-sports.io/football/players/13366.png,1125,Millonarios,667,Friendlies Clubs,2023,Midfielder,0,1.0,77.0,0.0,,0.0,0.0,,
13525,L. Castro,Castro Loaiza,33,1992-06-14,Colombia,174 cm,78 kg,False,https://media.api-sports.io/football/players/13525.png,1125,Millonarios,239,Primera A,2023,Attacker,0,37.0,2946.0,11.0,2.0,9.0,1.0,2.0,0.0
13525,L. Castro,Castro Loaiza,33,1992-06-14,Colombia,174 cm,78 kg,False,https://media.api-sports.io/football/players/13525.png,1125,Millonarios,241,Copa Colombia,2023,Attacker,0,8.0,646.0,7.0,,3.0,0.0,,
13525,L. Castro,Castro Loaiza,33,1992-06-14,Colombia,174 cm,78 kg,False,https://media.api-sports.io/football/players/13525.png,1125,Millonarios,13,CONMEBOL Libertadores,2023,Attacker,0,4.0,319.0,1.0,,1.0,0.0,0.0,0.0
13525,L. Castro,Castro Loaiza,33,1992-06-14,Colombia,174 cm,78 kg,False,https://media.api-sports.io/football/players/13525.png,1125,Millonarios,11,CONMEBOL Sudamericana,2023,Attacker,0,4.0,319.0,3.0,2.0,2.0,0.0,1.0,0.0
13525,L. Castro,Castro Loaiza,33,1992-06-14,Colombia,174 cm,78 kg,False,https://media.api-sports.io/football/players/13525.png,1125,Millonarios,667,Friendlies Clubs,2023,Attacker,0,0.0,0.0,0.0,,0.0,0.0,,
13643,S. Vega,Vega Londoño,27,1998-05-22,Colombia,176 cm,79 kg,False,https://media.api-sports.io/football/players/13643.png,1125,Millonarios,239,Primera A,2023,Defender,0,18.0,1863.0,0.0,,3.0,0.0,0.0,0.0
13643,S. Vega,Vega Londoño,27,1998-05-22,Colombia,176 cm,79 kg,False,https://media.api-sports.io/football/players/13643.png,1125,Millonarios,241,Copa Colombia,2023,Defender,0,4.0,272.0,0.0,,2.0,0.0,,
13643,S. Vega,Vega Londoño,27,1998-05-22,Colombia,176 cm,79 kg,False,https://media.api-sports.io/football/players/13643.png,1125,Millonarios,667,Friendlies Clubs,2023,Defender,0,0.0,0.0,0.0,,0.0,0.0,,
13643,S. Vega,Vega Londoño,27,1998-05-22,Colombia,176 cm,79 kg,False,https://media.api-sports.io/football/players/13643.png,1125,Millonarios,13,CONMEBOL Libertadores,2023,Defender,0,0.0,0.0,0.0,,0.0,0.0,,
13643,S. Vega,Vega Londoño,27,1998-05-22,Colombia,176 cm,79 kg,False,https://media.api-sports.io/football/players/13643.png,1125,Millonarios,11,CONMEBOL Sudamericana,2023,Defender,0,2.0,148.0,0.0,,1.0,0.0,0.0,0.0
13648,J. Garcia,García Soto,28,1997-02-24,Colombia,184 cm,73 kg,False,https://media.api-sports.io/football/players/13648.png,1125,Millonarios,239,Primera A,2023,Midfielder,0,0.0,0.0,0.0,,0.0,0.0,0.0,0.0
13648,J. Garcia,García Soto,28,1997-02-24,Colombia,184 cm,73 kg,False,https://media.api-sports.io/football/players/13648.png,1125,Millonarios,667,Friendlies Clubs,2023,Midfielder,0,0.0,0.0,0.0,,0.0,0.0,,
13656,D. Silva,Silva Mosquera,39,1986-12-13,Colombia,175 cm,78 kg,False,https://media.api-sports.io/football/players/13656.png,1125,Millonarios,239,Primera A,2023,Midfielder,0,32.0,2913.0,3.0,5.0,4.0,1.0,0.0,0.0
13656,D. Silva,Silva Mosquera,39,1986-12-13,Colombia,175 cm,78 kg,False,https://media.api-sports.io/football/players/13656.png,1125,Millonarios,241,Copa Colombia,2023,Midfielder,0,7.0,555.0,0.0,,4.0,0.0,,
13656,D. Silva,Silva Mosquera,39,1986-12-13,Colombia,175 cm,78 kg,False,https://media.api-sports.io/football/players/13656.png,1125,Millonarios,11,CONMEBOL Sudamericana,2023,Midfielder,0,5.0,427.0,1.0,3.0,0.0,0.0,0.0,0.0
13656,D. Silva,Silva Mosquera,39,1986-12-13,Colombia,175 cm,78 kg,False,https://media.api-sports.io/football/players/13656.png,1125,Millonarios,667,Friendlies Clubs,2023,Midfielder,0,1.0,68.0,0.0,,0.0,0.0,,
13656,D. Silva,Silva Mosquera,39,1986-12-13,Colombia,175 cm,78 kg,False,https://media.api-sports.io/football/players/13656.png,1125,Millonarios,13,CONMEBOL Libertadores,2023,Midfielder,0,4.0,346.0,1.0,1.0,0.0,0.0,0.0,0.0
13659,A. Llinás,Llinás Montejo,28,1997-07-23,Colombia,187 cm,73 kg,False,https://media.api-sports.io/football/players/13659.png,1125,Millonarios,239,Primera A,2023,Defender,0,33.0,2948.0,3.0,2.0,6.0,0.0,0.0,0.0
13659,A. Llinás,Llinás Montejo,28,1997-07-23,Colombia,187 cm,73 kg,False,https://media.api-sports.io/football/players/13659.png,1125,Millonarios,241,Copa Colombia,2023,Defender,0,7.0,630.0,0.0,,0.0,0.0,,
13659,A. Llinás,Llinás Montejo,28,1997-07-23,Colombia,187 cm,73 kg,False,https://media.api-sports.io/football/players/13659.png,1125,Millonarios,11,CONMEBOL Sudamericana,2023,Defender,0,5.0,450.0,0.0,,2.0,0.0,0.0,0.0
13659,A. Llinás,Llinás Montejo,28,1997-07-23,Colombia,187 cm,73 kg,False,https://media.api-sports.io/football/players/13659.png,1125,Millonarios,667,Friendlies Clubs,2023,Defender,0,1.0,72.0,0.0,,0.0,0.0,,
13659,A. Llinás,Llinás Montejo,28,1997-07-23,Colombia,187 cm,73 kg,False,https://media.api-sports.io/football/players/13659.png,1125,Millonarios,13,CONMEBOL Libertadores,2023,Defender,0,3.0,270.0,0.0,,1.0,0.0,0.0,0.0
13663,J. Valencia,Valencia Mena,26,1999-11-15,Colombia,192 cm,72 kg,False,https://media.api-sports.io/football/players/13663.png,1125,Millonarios,239,Primera A,2023,Attacker,0,11.0,1202.0,4.0,,2.0,1.0,0.0,0.0
13663,J. Valencia,Valencia Mena,26,1999-11-15,Colombia,192 cm,72 kg,False,https://media.api-sports.io/football/players/13663.png,1125,Millonarios,241,Copa Colombia,2023,Attacker,0,0.0,6.0,0.0,,0.0,0.0,,
13663,J. Valencia,Valencia Mena,26,1999-11-15,Colombia,192 cm,72 kg,False,https://media.api-sports.io/football/players/13663.png,1125,Millonarios,11,CONMEBOL Sudamericana,2023,Attacker,0,1.0,105.0,0.0,,0.0,0.0,0.0,0.0
13663,J. Valencia,Valencia Mena,26,1999-11-15,Colombia,192 cm,72 kg,False,https://media.api-sports.io/football/players/13663.png,1125,Millonarios,667,Friendlies Clubs,2023,Attacker,0,0.0,22.0,0.0,,0.0,0.0,,
13663,J. Valencia,Valencia Mena,26,1999-11-15,Colombia,192 cm,72 kg,False,https://media.api-sports.io/football/players/13663.png,1125,Millonarios,13,CONMEBOL Libertadores,2023,Attacker,0,0.0,90.0,0.0,,0.0,0.0,0.0,0.0
13699,I. Alba,Alba Marín,30,1995-05-06,Colombia,178 cm,75 kg,False,https://media.api-sports.io/football/players/13699.png,1125,Millonarios,239,Primera A,2023,Defender,0,7.0,650.0,1.0,1.0,1.0,0.0,0.0,0.0
13699,I. Alba,Alba Marín,30,1995-05-06,Colombia,178 cm,75 kg,False,https://media.api-sports.io/football/players/13699.png,1125,Millonarios,13,CONMEBOL Libertadores,2023,Defender,0,0.0,44.0,0.0,,0.0,0.0,0.0,0.0
13699,I. Alba,Alba Marín,30,1995-05-06,Colombia,178 cm,75 kg,False,https://media.api-sports.io/football/players/13699.png,1125,Millonarios,11,CONMEBOL Sudamericana,2023,Defender,0,0.0,37.0,0.0,,0.0,0.0,0.0,0.0
13699,I. Alba,Alba Marín,30,1995-05-06,Colombia,178 cm,75 kg,False,https://media.api-sports.io/football/players/13699.png,1125,Millonarios,667,Friendlies Clubs,2023,Defender,0,0.0,22.0,0.0,,0.0,0.0,,
13819,J. Pereira,Pereira Díaz,32,1993-02-08,Colombia,182 cm,75 kg,False,https://media.api-sports.io/football/players/13819.png,1125,Millonarios,239,Primera A,2023,Midfielder,0,23.0,2009.0,2.0,5.0,2.0,0.0,2.0,0.0
13819,J. Pereira,Pereira Díaz,32,1993-02-08,Colombia,182 cm,75 kg,False,https://media.api-sports.io/football/players/13819.png,1125,Millonarios,241,Copa Colombia,2023,Midfielder,0,5.0,415.0,0.0,,0.0,0.0,,
13819,J. Pereira,Pereira Díaz,32,1993-02-08,Colombia,182 cm,75 kg,False,https://media.api-sports.io/football/players/13819.png,1125,Millonarios,11,CONMEBOL Sudamericana,2023,Midfielder,0,0.0,20.0,0.0,,0.0,0.0,0.0,0.0
13819,J. Pereira,Pereira Díaz,32,1993-02-08,Colombia,182 cm,75 kg,False,https://media.api-sports.io/football/players/13819.png,1125,Millonarios,667,Friendlies Clubs,2023,Midfielder,0,1.0,76.0,0.0,,0.0,0.0,,
13819,J. Pereira,Pereira Díaz,32,1993-02-08,Colombia,182 cm,75 kg,False,https://media.api-sports.io/football/players/13819.png,1125,Millonarios,13,CONMEBOL Libertadores,2023,Midfielder,0,2.0,157.0,0.0,,1.0,0.0,0.0,0.0
59635,D. Ruiz,Ruiz Rivera,24,2001-07-30,Colombia,170 cm,68 kg,False,https://media.api-sports.io/football/players/59635.png,1125,Millonarios,241,Copa Colombia,2023,Attacker,0,6.0,525.0,1.0,,3.0,0.0,,
59635,D. Ruiz,Ruiz Rivera,24,2001-07-30,Colombia,170 cm,68 kg,False,https://media.api-sports.io/football/players/59635.png,1125,Millonarios,667,Friendlies Clubs,2023,Attacker,0,0.0,22.0,0.0,,0.0,0.0,,
59635,D. Ruiz,Ruiz Rivera,24,2001-07-30,Colombia,170 cm,68 kg,False,https://media.api-sports.io/football/players/59635.png,1125,Millonarios,239,Primera A,2023,Attacker,0,0.0,0.0,0.0,3.0,0.0,0.0,0.0,0.0
59657,O. Vanegas,Vanegas Zúñiga,29,1996-05-07,Colombia,178 cm,74 kg,False,https://media.api-sports.io/football/players/59657.png,1125,Millonarios,239,Primera A,2023,Defender,0,12.0,1058.0,0.0,,5.0,0.0,0.0,0.0
59657,O. Vanegas,Vanegas Zúñiga,29,1996-05-07,Colombia,178 cm,74 kg,False,https://media.api-sports.io/football/players/59657.png,1125,Millonarios,241,Copa Colombia,2023,Defender,0,1.0,90.0,0.0,,0.0,0.0,,
59657,O. Vanegas,Vanegas Zúñiga,29,1996-05-07,Colombia,178 cm,74 kg,False,https://media.api-sports.io/football/players/59657.png,1125,Millonarios,11,CONMEBOL Sudamericana,2023,Defender,0,0.0,0.0,0.0,,0.0,0.0,0.0,0.0
59657,O. Vanegas,Vanegas Zúñiga,29,1996-05-07,Colombia,178 cm,74 kg,False,https://media.api-sports.io/football/players/59657.png,1125,Millonarios,667,Friendlies Clubs,2023,Defender,0,0.0,18.0,0.0,,0.0,0.0,,
59657,O. Vanegas,Vanegas Zúñiga,29,1996-05-07,Colombia,178 cm,74 kg,False,https://media.api-sports.io/football/players/59657.png,1125,Millonarios,13,CONMEBOL Libertadores,2023,Defender,0,1.0,96.0,0.0,,2.0,0.0,0.0,0.0
70753,J. Arias,Arias De la Hoz,33,1992-11-13,Colombia,184 cm,77 kg,False,https://media.api-sports.io/football/players/70753.png,1125,Millonarios,239,Primera A,2023,Defender,0,32.0,2897.0,2.0,,14.0,0.0,0.0,0.0
70753,J. Arias,Arias De la Hoz,33,1992-11-13,Colombia,184 cm,77 kg,False,https://media.api-sports.io/football/players/70753.png,1125,Millonarios,241,Copa Colombia,2023,Defender,0,3.0,283.0,0.0,,1.0,0.0,,
70753,J. Arias,Arias De la Hoz,33,1992-11-13,Colombia,184 cm,77 kg,False,https://media.api-sports.io/football/players/70753.png,1125,Millonarios,11,CONMEBOL Sudamericana,2023,Defender,0,5.0,450.0,1.0,,1.0,0.0,0.0,0.0
70753,J. Arias,Arias De la Hoz,33,1992-11-13,Colombia,184 cm,77 kg,False,https://media.api-sports.io/football/players/70753.png,1125,Millonarios,667,Friendlies Clubs,2023,Defender,0,0.0,0.0,0.0,,0.0,0.0,,
70753,J. Arias,Arias De la Hoz,33,1992-11-13,Colombia,184 cm,77 kg,False,https://media.api-sports.io/football/players/70753.png,1125,Millonarios,13,CONMEBOL Libertadores,2023,Defender,0,1.0,90.0,0.0,,0.0,0.0,0.0,0.0
351922,S. Asprilla,Asprilla Gallego,22,2003-11-30,Colombia,182 cm,69 kg,False,https://media.api-sports.io/football/players/351922.png,1125,Millonarios,239,Primera A,2023,Defender,0,14.0,1165.0,1.0,1.0,2.0,0.0,0.0,0.0
351922,S. Asprilla,Asprilla Gallego,22,2003-11-30,Colombia,182 cm,69 kg,False,https://media.api-sports.io/football/players/351922.png,1125,Millonarios,241,Copa Colombia,2023,Defender,0,1.0,90.0,0.0,,0.0,0.0,,
351922,S. Asprilla,Asprilla Gallego,22,2003-11-30,Colombia,182 cm,69 kg,False,https://media.api-sports.io/football/players/351922.png,1125,Millonarios,11,CONMEBOL Sudamericana,2023,Defender,0,0.0,0.0,0.0,,0.0,0.0,0.0,0.0
351923,Ó. Cortés,Cortés Cortés,22,2003-12-03,Colombia,176 cm,74 kg,False,https://media.api-sports.io/football/players/351923.png,1125,Millonarios,239,Primera A,2023,Attacker,0,7.0,718.0,5.0,2.0,1.0,0.0,0.0,0.0
351923,Ó. Cortés,Cortés Cortés,22,2003-12-03,Colombia,176 cm,74 kg,False,https://media.api-sports.io/football/players/351923.png,1125,Millonarios,667,Friendlies Clubs,2023,Attacker,0,0.0,0.0,0.0,,0.0,0.0,,
351923,Ó. Cortés,Cortés Cortés,22,2003-12-03,Colombia,176 cm,74 kg,False,https://media.api-sports.io/football/players/351923.png,1125,Millonarios,13,CONMEBOL Libertadores,2023,Attacker,0,3.0,273.0,0.0,1.0,0.0,0.0,0.0,0.0
351923,Ó. Cortés,Cortés Cortés,22,2003-12-03,Colombia,176 cm,74 kg,False,https://media.api-sports.io/football/players/351923.png,1125,Millonarios,11,CONMEBOL Sudamericana,2023,Attacker,0,4.0,360.0,1.0,,0.0,0.0,0.0,0.0
351924,J. Carvajal,Carvajal Granados,22,2003-07-23,Colombia,190 cm,78 kg,False,https://media.api-sports.io/football/players/351924.png,1125,Millonarios,239,Primera A,2023,Attacker,0,2.0,187.0,1.0,,0.0,0.0,0.0,0.0
351924,J. Carvajal,Carvajal Granados,22,2003-07-23,Colombia,190 cm,78 kg,False,https://media.api-sports.io/football/players/351924.png,1125,Millonarios,241,Copa Colombia,2023,Attacker,0,0.0,12.0,1.0,,0.0,0.0,,
351925,B. Castro,Castro Espinosa,22,2003-09-12,Colombia,176 cm,77 kg,False,https://media.api-sports.io/football/players/351925.png,1125,Millonarios,239,Primera A,2023,Attacker,0,16.0,1410.0,6.0,3.0,3.0,0.0,0.0,0.0
351925,B. Castro,Castro Espinosa,22,2003-09-12,Colombia,176 cm,77 kg,False,https://media.api-sports.io/football/players/351925.png,1125,Millonarios,241,Copa Colombia,2023,Attacker,0,2.0,241.0,1.0,,0.0,0.0,,
351925,B. Castro,Castro Espinosa,22,2003-09-12,Colombia,176 cm,77 kg,False,https://media.api-sports.io/football/players/351925.png,1125,Millonarios,11,CONMEBOL Sudamericana,2023,Attacker,0,1.0,133.0,0.0,1.0,0.0,0.0,0.0,0.0
354067,N. Árevalo,Árevalo Chaparro,22,2003-01-13,Colombia,176 cm,68 kg,False,https://media.api-sports.io/football/players/354067.png,1125,Millonarios,239,Primera A,2023,Midfielder,0,6.0,432.0,0.0,1.0,1.0,1.0,0.0,0.0
354067,N. Árevalo,Árevalo Chaparro,22,2003-01-13,Colombia,176 cm,68 kg,False,https://media.api-sports.io/football/players/354067.png,1125,Millonarios,11,CONMEBOL Sudamericana,2023,Midfielder,0,0.0,0.0,0.0,,0.0,0.0,0.0,0.0
354067,N. Árevalo,Árevalo Chaparro,22,2003-01-13,Colombia,176 cm,68 kg,False,https://media.api-sports.io/football/players/354067.png,1125,Millonarios,13,CONMEBOL Libertadores,2023,Midfielder,0,0.0,0.0,0.0,,0.0,0.0,0.0,0.0
439566,N. Villareal,Villareal Quiñones,20,2005-04-24,Colombia,179 cm,75 kg,False,https://media.api-sports.io/football/players/439566.png,1125,Millonarios,239,Primera A,2023,Midfielder,0,0.0,17.0,0.0,,0.0,0.0,0.0,0.0
265906,R. Brochero,Brochero Vásquez,25,2000-03-05,Colombia,180 cm,72 kg,False,https://media.api-sports.io/football/players/265906.png,1125,Millonarios,239,Primera A,2023,Attacker,0,1.0,218.0,0.0,,1.0,0.0,0.0,0.0
265906,R. Brochero,Brochero Vásquez,25,2000-03-05,Colombia,180 cm,72 kg,False,https://media.api-sports.io/football/players/265906.png,1125,Millonarios,11,CONMEBOL Sudamericana,2023,Attacker,0,1.0,46.0,0.0,,0.0,0.0,0.0,0.0
265907,E. Guerra,Guerra Hernández,24,2001-03-09,Colombia,172 cm,75 kg,False,https://media.api-sports.io/football/players/265907.png,1125,Millonarios,239,Primera A,2023,Midfielder,0,16.0,1495.0,3.0,,5.0,0.0,0.0,0.0
265907,E. Guerra,Guerra Hernández,24,2001-03-09,Colombia,172 cm,75 kg,False,https://media.api-sports.io/football/players/265907.png,1125,Millonarios,241,Copa Colombia,2023,Midfielder,0,3.0,270.0,1.0,,1.0,0.0,,
265907,E. Guerra,Guerra Hernández,24,2001-03-09,Colombia,172 cm,75 kg,False,https://media.api-sports.io/football/players/265907.png,1125,Millonarios,13,CONMEBOL Libertadores,2023,Midfielder,0,0.0,8.0,0.0,,0.0,0.0,0.0,0.0
265907,E. Guerra,Guerra Hernández,24,2001-03-09,Colombia,172 cm,75 kg,False,https://media.api-sports.io/football/players/265907.png,1125,Millonarios,11,CONMEBOL Sudamericana,2023,Midfielder,0,0.0,45.0,0.0,,0.0,0.0,0.0,0.0
265907,E. Guerra,Guerra Hernández,24,2001-03-09,Colombia,172 cm,75 kg,False,https://media.api-sports.io/football/players/265907.png,1125,Millonarios,667,Friendlies Clubs,2023,Midfielder,0,0.0,22.0,0.0,,0.0,0.0,,
265960,D. Victoria,Victoria Palacios,24,2001-03-19,Colombia,176 cm,68 kg,False,https://media.api-sports.io/football/players/265960.png,1125,Millonarios,239,Primera A,2023,Midfielder,0,0.0,64.0,0.0,,1.0,0.0,0.0,0.0
265960,D. Victoria,Victoria Palacios,24,2001-03-19,Colombia,176 cm,68 kg,False,https://media.api-sports.io/football/players/265960.png,1125,Millonarios,11,CONMEBOL Sudamericana,2023,Midfielder,0,0.0,0.0,0.0,,0.0,0.0,0.0,0.0
265960,D. Victoria,Victoria Palacios,24,2001-03-19,Colombia,176 cm,68 kg,False,https://media.api-sports.io/football/players/265960.png,1125,Millonarios,667,Friendlies Clubs,2023,Midfielder,0,0.0,14.0,0.0,,0.0,0.0,,
265960,D. Victoria,Victoria Palacios,24,2001-03-19,Colombia,176 cm,68 kg,False,https://media.api-sports.io/football/players/265960.png,1125,Millonarios,13,CONMEBOL Libertadores,2023,Midfielder,0,0.0,0.0,0.0,,0.0,0.0,,
265966,R. Rosales,Rosales Martínez,24,2001-01-31,Colombia,181 cm,70 kg,False,https://media.api-sports.io/football/players/265966.png,1125,Millonarios,239,Primera A,2023,Attacker,0,6.0,503.0,0.0,,1.0,0.0,0.0,0.0
265966,R. Rosales,Rosales Martínez,24,2001-01-31,Colombia,181 cm,70 kg,False,https://media.api-sports.io/football/players/265966.png,1125,Millonarios,241,Copa Colombia,2023,Attacker,0,0.0,0.0,0.0,,0.0,0.0,,
265966,R. Rosales,Rosales Martínez,24,2001-01-31,Colombia,181 cm,70 kg,False,https://media.api-sports.io/football/players/265966.png,1125,Millonarios,11,CONMEBOL Sudamericana,2023,Attacker,0,0.0,0.0,0.0,,0.0,0.0,0.0,0.0
265966,R. Rosales,Rosales Martínez,24,2001-01-31,Colombia,181 cm,70 kg,False,https://media.api-sports.io/football/players/265966.png,1125,Millonarios,667,Friendlies Clubs,2023,Attacker,0,0.0,0.0,0.0,,0.0,0.0,,
265966,R. Rosales,Rosales Martínez,24,2001-01-31,Colombia,181 cm,70 kg,False,https://media.api-sports.io/football/players/265966.png,1125,Millonarios,13,CONMEBOL Libertadores,2023,Attacker,0,0.0,0.0,0.0,,0.0,0.0,0.0,0.0
345748,A. Gómez,Gómez Hinestroza,23,2002-09-12,Colombia,171 cm,61 kg,False,https://media.api-sports.io/football/players/345748.png,1125,Millonarios,239,Primera A,2023,Attacker,0,0.0,0.0,0.0,,0.0,0.0,,
345748,A. Gómez,Gómez Hinestroza,23,2002-09-12,Colombia,171 cm,61 kg,False,https://media.api-sports.io/football/players/345748.png,1125,Millonarios,667,Friendlies Clubs,2023,Attacker,0,0.0,0.0,0.0,,0.0,0.0,,
354023,K. Cortés,Cortés Díaz,22,2003-08-06,Colombia,175 cm,60 kg,False,https://media.api-sports.io/football/players/354023.png,1125,Millonarios,239,Primera A,2023,Midfielder,0,0.0,6.0,0.0,,0.0,0.0,0.0,0.0
13284,G. García,García Olarte,37,1987-01-27,Colombia,180 cm,73 kg,False,https://media.api-sports.io/football/players/13284.png,1126,Deportivo Pasto,239,Primera A,2023,Defender,0,8.0,753.0,1.0,1.0,1.0,0.0,0.0,0.0
13413,Y. Tolosa,Tolosa Castro,26,1999-06-12,Colombia,177 cm,70 kg,False,https://media.api-sports.io/football/players/13413.png,1126,Deportivo Pasto,239,Primera A,2023,Attacker,0,1.0,46.0,0.0,,0.0,0.0,0.0,0.0
13415,E. Cabezas,Cabezas Quiñónez,25,2000-07-04,Colombia,193 cm,,False,https://media.api-sports.io/football/players/13415.png,1126,Deportivo Pasto,239,Primera A,2023,Goalkeeper,0,0.0,0.0,0.0,,0.0,0.0,0.0,0.0
13415,E. Cabezas,Cabezas Quiñónez,25,2000-07-04,Colombia,193 cm,,False,https://media.api-sports.io/football/players/13415.png,1126,Deportivo Pasto,241,Copa Colombia,2023,Goalkeeper,0,0.0,0.0,0.0,,0.0,0.0,,
13431,C. Ayala,Ayala Quintero,39,1986-06-23,Colombia,179 cm,74 kg,False,https://media.api-sports.io/football/players/13431.png,1126,Deportivo Pasto,239,Primera A,2023,Midfielder,0,26.0,2160.0,3.0,,6.0,0.0,0.0,0.0
13431,C. Ayala,Ayala Quintero,39,1986-06-23,Colombia,179 cm,74 kg,False,https://media.api-sports.io/football/players/13431.png,1126,Deportivo Pasto,241,Copa Colombia,2023,Midfielder,0,1.0,124.0,0.0,,1.0,0.0,,
13432,G. Britos,Britos,34,1990-02-20,Argentina,177 cm,74 kg,False,https://media.api-sports.io/football/players/13432.png,1126,Deportivo Pasto,239,Primera A,2023,Midfielder,0,5.0,478.0,1.0,1.0,1.0,1.0,0.0,0.0
13432,G. Britos,Britos,34,1990-02-20,Argentina,177 cm,74 kg,False,https://media.api-sports.io/football/players/13432.png,1126,Deportivo Pasto,241,Copa Colombia,2023,Midfielder,0,2.0,143.0,0.0,,0.0,0.0,,
13451,C. Hidalgo,Hidalgo Cadena,37,1986-04-25,Colombia,184 cm,74 kg,False,https://media.api-sports.io/football/players/13451.png,1126,Deportivo Pasto,239,Primera A,2023,Attacker,0,5.0,307.0,1.0,1.0,0.0,0.0,0.0,0.0
13562,V. Prado,Prado Moreno,25,1999-05-16,Colombia,171 cm,67 kg,False,https://media.api-sports.io/football/players/13562.png,1126,Deportivo Pasto,239,Primera A,2023,Midfielder,0,2.0,207.0,0.0,,0.0,0.0,0.0,0.0
13595,D. Moreno,Moreno Mosquera,30,1995-01-17,Colombia,180 cm,75 kg,False,https://media.api-sports.io/football/players/13595.png,1126,Deportivo Pasto,239,Primera A,2023,Attacker,0,34.0,2856.0,2.0,5.0,6.0,0.0,1.0,0.0
13595,D. Moreno,Moreno Mosquera,30,1995-01-17,Colombia,180 cm,75 kg,False,https://media.api-sports.io/football/players/13595.png,1126,Deportivo Pasto,241,Copa Colombia,2023,Attacker,0,1.0,90.0,1.0,,0.0,0.0,,
52629,J. Quintero,Quintero,24,2001-02-01,Venezuela,191 cm,91 kg,False,https://media.api-sports.io/football/players/52629.png,1126,Deportivo Pasto,239,Primera A,2023,Defender,0,6.0,652.0,0.0,,1.0,1.0,0.0,0.0
52629,J. Quintero,Quintero,24,2001-02-01,Venezuela,191 cm,91 kg,False,https://media.api-sports.io/football/players/52629.png,1126,Deportivo Pasto,241,Copa Colombia,2023,Defender,0,0.0,0.0,0.0,,0.0,0.0,,
80987,D. López,López Tobías,33,1992-02-10,Colombia,176 cm,74 kg,False,https://media.api-sports.io/football/players/80987.png,1126,Deportivo Pasto,239,Primera A,2023,Attacker,0,20.0,1625.0,8.0,,3.0,0.0,0.0,0.0
80987,D. López,López Tobías,33,1992-02-10,Colombia,176 cm,74 kg,False,https://media.api-sports.io/football/players/80987.png,1126,Deportivo Pasto,241,Copa Colombia,2023,Attacker,0,1.0,98.0,3.0,,0.0,0.0,,
81635,P. Valoyes,Valoyes Rojano,25,1998-05-18,Colombia,,,False,https://media.api-sports.io/football/players/81635.png,1126,Deportivo Pasto,239,Primera A,2023,Defender,0,0.0,0.0,0.0,,0.0,0.0,,
328766,D. Balceiro,Balceiro Ortega,21,2002-03-04,Colombia,,,False,https://media.api-sports.io/football/players/328766.png,1126,Deportivo Pasto,239,Primera A,2023,Attacker,0,,,,,,,,
345598,A. Martínez,Martínez Eraso,21,2002-11-28,Colombia,,,False,https://media.api-sports.io/football/players/345598.png,1126,Deportivo Pasto,239,Primera A,2023,Midfielder,0,0.0,0.0,0.0,,0.0,0.0,,
351561,J. Perlaza,Perlaza Ardila,23,2001-04-07,Colombia,,,False,https://media.api-sports.io/football/players/351561.png,1126,Deportivo Pasto,239,Primera A,2023,Midfielder,0,0.0,0.0,0.0,,0.0,0.0,,
352721,V. Yánez,Yánez Borja,26,1998-12-02,Colombia,,,False,https://media.api-sports.io/football/players/352721.png,1126,Deportivo Pasto,239,Primera A,2023,Defender,0,1.0,136.0,0.0,,1.0,0.0,0.0,0.0
352721,V. Yánez,Yánez Borja,26,1998-12-02,Colombia,,,False,https://media.api-sports.io/football/players/352721.png,1126,Deportivo Pasto,241,Copa Colombia,2023,Defender,0,0.0,33.0,0.0,,0.0,0.0,,
364136,K. López,López Larrota,22,2003-02-06,Colombia,170 cm,55 kg,False,https://media.api-sports.io/football/players/364136.png,1126,Deportivo Pasto,239,Primera A,2023,Goalkeeper,0,,,,,,,,
365201,O. Vallecilla,Vallecilla Castillo,21,2002-07-09,Colombia,170 cm,69 kg,False,https://media.api-sports.io/football/players/365201.png,1126,Deportivo Pasto,239,Primera A,2023,Midfielder,0,0.0,4.0,0.0,,0.0,0.0,0.0,0.0
419646,C. Quiñones,Quiñones Bastidas,20,2004-10-12,Colombia,,,False,https://media.api-sports.io/football/players/419646.png,1126,Deportivo Pasto,712,Liga Femenina,2023,Goalkeeper,0,0.0,0.0,0.0,,0.0,0.0,,
419646,C. Quiñones,Quiñones Bastidas,20,2004-10-12,Colombia,,,False,https://media.api-sports.io/football/players/419646.png,1126,Deportivo Pasto,239,Primera A,2023,Goalkeeper,0,0.0,0.0,0.0,,0.0,0.0,0.0,0.0
445308,Daniel Guzman,Guzmán Betancourt,27,1997-12-11,Colombia,,,False,https://media.api-sports.io/football/players/445308.png,1126,Deportivo Pasto,239,Primera A,2023,Midfielder,0,0.0,0.0,0.0,,0.0,0.0,0.0,0.0
449003,J. Osorno,Osorno Salazar,18,2005-03-22,Colombia,,,False,https://media.api-sports.io/football/players/449003.png,1126,Deportivo Pasto,239,Primera A,2023,Goalkeeper,0,0.0,0.0,0.0,,0.0,0.0,0.0,0.0
6417,E. López,López Gomez,30,1995-03-09,Colombia,179 cm,79 kg,False,https://media.api-sports.io/football/players/6417.png,1126,Deportivo Pasto,239,Primera A,2023,Attacker,0,40.0,3624.0,10.0,3.0,14.0,0.0,7.0,1.0
6417,E. López,López Gomez,30,1995-03-09,Colombia,179 cm,79 kg,False,https://media.api-sports.io/football/players/6417.png,1126,Deportivo Pasto,241,Copa Colombia,2023,Attacker,0,2.0,165.0,0.0,,1.0,0.0,,
10291,J. Cardona,Cardona Agudelo,30,1995-01-09,Colombia,170 cm,64 kg,False,https://media.api-sports.io/football/players/10291.png,1126,Deportivo Pasto,239,Primera A,2023,Midfielder,0,3.0,292.0,0.0,1.0,1.0,0.0,0.0,0.0
10291,J. Cardona,Cardona Agudelo,30,1995-01-09,Colombia,170 cm,64 kg,False,https://media.api-sports.io/football/players/10291.png,1126,Deportivo Pasto,241,Copa Colombia,2023,Midfielder,0,1.0,101.0,0.0,,1.0,0.0,,
12016,J. Barragán,Barragán Romero,25,2000-05-13,Venezuela,173 cm,72 kg,False,https://media.api-sports.io/football/players/12016.png,1126,Deportivo Pasto,239,Primera A,2023,Attacker,0,0.0,0.0,0.0,,0.0,0.0,,
13287,C. Mafla,Mafla Rebellón,32,1993-01-15,Colombia,175 cm,74 kg,False,https://media.api-sports.io/football/players/13287.png,1126,Deportivo Pasto,239,Primera A,2023,Defender,0,39.0,3416.0,0.0,,8.0,0.0,0.0,0.0
13287,C. Mafla,Mafla Rebellón,32,1993-01-15,Colombia,175 cm,74 kg,False,https://media.api-sports.io/football/players/13287.png,1126,Deportivo Pasto,241,Copa Colombia,2023,Defender,0,2.0,147.0,0.0,,1.0,0.0,,
13416,V. Cabezas,Cabezas Vergel,28,1997-11-02,Colombia,190 cm,85 kg,False,https://media.api-sports.io/football/players/13416.png,1126,Deportivo Pasto,239,Primera A,2023,Goalkeeper,0,1.0,90.0,0.0,,0.0,0.0,0.0,0.0
13434,A. Estacio,Estacio Peña,27,1998-04-20,Colombia,178 cm,74 kg,False,https://media.api-sports.io/football/players/13434.png,1126,Deportivo Pasto,239,Primera A,2023,Attacker,0,21.0,1853.0,3.0,2.0,5.0,0.0,0.0,0.0
13450,J. Campaña,Campaña Barrera,23,2002-09-09,Colombia,170 cm,66 kg,False,https://media.api-sports.io/football/players/13450.png,1126,Deportivo Pasto,239,Primera A,2023,Attacker,0,8.0,1059.0,2.0,1.0,5.0,1.0,0.0,0.0
13450,J. Campaña,Campaña Barrera,23,2002-09-09,Colombia,170 cm,66 kg,False,https://media.api-sports.io/football/players/13450.png,1126,Deportivo Pasto,241,Copa Colombia,2023,Attacker,0,0.0,41.0,0.0,,0.0,0.0,,
13699,I. Alba,Alba Marín,30,1995-05-06,Colombia,178 cm,75 kg,False,https://media.api-sports.io/football/players/13699.png,1126,Deportivo Pasto,239,Primera A,2023,Defender,0,15.0,1328.0,0.0,1.0,0.0,0.0,0.0,0.0
13699,I. Alba,Alba Marín,30,1995-05-06,Colombia,178 cm,75 kg,False,https://media.api-sports.io/football/players/13699.png,1126,Deportivo Pasto,241,Copa Colombia,2023,Defender,0,2.0,136.0,0.0,,1.0,0.0,,
13760,D. Martínez,Martínez Marín,36,1989-11-29,Colombia,180 cm,74 kg,False,https://media.api-sports.io/football/players/13760.png,1126,Deportivo Pasto,239,Primera A,2023,Goalkeeper,0,45.0,4050.0,0.0,,7.0,0.0,0.0,0.0
13760,D. Martínez,Martínez Marín,36,1989-11-29,Colombia,180 cm,74 kg,False,https://media.api-sports.io/football/players/13760.png,1126,Deportivo Pasto,241,Copa Colombia,2023,Goalkeeper,0,2.0,180.0,0.0,,0.0,0.0,,
16553,B. Arce,Arce Mina,27,1998-07-12,Ecuador,180 cm,72 kg,False,https://media.api-sports.io/football/players/16553.png,1126,Deportivo Pasto,239,Primera A,2023,Midfielder,0,10.0,872.0,1.0,1.0,2.0,0.0,0.0,0.0
16794,J. Escobar,Escobar Moyano,29,1996-10-24,Ecuador,180 cm,,False,https://media.api-sports.io/football/players/16794.png,1126,Deportivo Pasto,239,Primera A,2023,Attacker,0,8.0,801.0,3.0,,2.0,0.0,1.0,0.0
59548,J. Figueroa,Figueroa Olaya,29,1996-02-13,Colombia,180 cm,75 kg,False,https://media.api-sports.io/football/players/59548.png,1126,Deportivo Pasto,239,Primera A,2023,Defender,0,32.0,2667.0,0.0,1.0,3.0,1.0,0.0,0.0
59549,M. Garavito,Garavito Peláez,25,2000-10-24,Colombia,,,False,https://media.api-sports.io/football/players/59549.png,1126,Deportivo Pasto,239,Primera A,2023,Defender,0,14.0,1260.0,0.0,,7.0,0.0,0.0,0.0
81053,S. Gómez,Gómez Realpe,27,1998-05-27,Colombia,,,False,https://media.api-sports.io/football/players/81053.png,1126,Deportivo Pasto,239,Primera A,2023,Defender,0,0.0,0.0,0.0,,0.0,0.0,0.0,0.0
81631,C. Tovar,Tovar Angola,27,1998-05-06,Colombia,182 cm,70 kg,False,https://media.api-sports.io/football/players/81631.png,1126,Deportivo Pasto,239,Primera A,2023,Defender,0,24.0,2203.0,1.0,,4.0,0.0,0.0,0.0
157248,Y. Rosales,Rosales Guerra,25,2000-12-09,Colombia,183 cm,,False,https://media.api-sports.io/football/players/157248.png,1126,Deportivo Pasto,239,Primera A,2023,Defender,0,13.0,1200.0,1.0,,2.0,0.0,0.0,0.0
157248,Y. Rosales,Rosales Guerra,25,2000-12-09,Colombia,183 cm,,False,https://media.api-sports.io/football/players/157248.png,1126,Deportivo Pasto,241,Copa Colombia,2023,Defender,0,2.0,180.0,0.0,,2.0,0.0,,
345219,W. Ordóñez,Ordóñez Landazury,21,2004-02-02,Colombia,,,False,https://media.api-sports.io/football/players/345219.png,1126,Deportivo Pasto,239,Primera A,2023,Midfielder,0,0.0,66.0,0.0,,0.0,0.0,0.0,0.0
353530,J. Bernal,Bernal Chong,23,2002-08-20,Panama,180 cm,75 kg,False,https://media.api-sports.io/football/players/353530.png,1126,Deportivo Pasto,239,Primera A,2023,Midfielder,0,1.0,118.0,1.0,,0.0,0.0,0.0,0.0
355086,J. Caicedo,Caicedo Caicedo,21,2004-03-13,Colombia,,,False,https://media.api-sports.io/football/players/355086.png,1126,Deportivo Pasto,239,Primera A,2023,Midfielder,0,24.0,1915.0,0.0,,9.0,0.0,0.0,0.0
427527,G. CharrupÃ­,Charrupí Díaz,21,2004-07-27,Colombia,,,False,https://media.api-sports.io/football/players/427527.png,1126,Deportivo Pasto,239,Primera A,2023,Attacker,0,0.0,6.0,0.0,,0.0,0.0,0.0,0.0
13386,E. Caicedo,Caicedo Solís,30,1995-04-23,Colombia,188 cm,74 kg,False,https://media.api-sports.io/football/players/13386.png,1126,Deportivo Pasto,239,Primera A,2023,Defender,0,1.0,61.0,0.0,,1.0,0.0,0.0,0.0
13612,C. Castaño,Castaño Gómez,26,1999-04-15,Colombia,175 cm,63 kg,False,https://media.api-sports.io/football/players/13612.png,1126,Deportivo Pasto,239,Primera A,2023,Midfielder,0,1.0,82.0,0.0,,0.0,0.0,0.0,0.0
13734,J. Malagón,Malagón Piracún,32,1993-06-26,Colombia,185 cm,77 kg,False,https://media.api-sports.io/football/players/13734.png,1126,Deportivo Pasto,239,Primera A,2023,Defender,0,25.0,2304.0,3.0,1.0,12.0,0.0,0.0,0.0
13734,J. Malagón,Malagón Piracún,32,1993-06-26,Colombia,185 cm,77 kg,False,https://media.api-sports.io/football/players/13734.png,1126,Deportivo Pasto,241,Copa Colombia,2023,Defender,0,2.0,180.0,0.0,,0.0,0.0,,
13744,J. Otálvaro,Otálvaro Bedoya,28,1997-12-11,Colombia,170 cm,67 kg,False,https://media.api-sports.io/football/players/13744.png,1126,Deportivo Pasto,239,Primera A,2023,Midfielder,0,5.0,314.0,0.0,,0.0,0.0,0.0,0.0
59526,J. Roa,Roa Estrada,31,1994-11-14,Colombia,178 cm,65 kg,False,https://media.api-sports.io/football/players/59526.png,1126,Deportivo Pasto,239,Primera A,2023,Midfielder,0,34.0,3002.0,0.0,1.0,5.0,0.0,0.0,0.0
59526,J. Roa,Roa Estrada,31,1994-11-14,Colombia,178 cm,65 kg,False,https://media.api-sports.io/football/players/59526.png,1126,Deportivo Pasto,241,Copa Colombia,2023,Midfielder,0,1.0,89.0,0.0,,0.0,0.0,,
59563,D. Pino,Pino Córdoba,30,1995-08-19,Colombia,173 cm,67 kg,False,https://media.api-sports.io/football/players/59563.png,1126,Deportivo Pasto,239,Primera A,2023,Midfielder,0,22.0,2036.0,0.0,,9.0,0.0,0.0,0.0
59563,D. Pino,Pino Córdoba,30,1995-08-19,Colombia,173 cm,67 kg,False,https://media.api-sports.io/football/players/59563.png,1126,Deportivo Pasto,241,Copa Colombia,2023,Midfielder,0,1.0,90.0,0.0,,0.0,0.0,,
59877,A. Montaño,Montaño Loango,25,2000-09-14,Colombia,,,False,https://media.api-sports.io/football/players/59877.png,1126,Deportivo Pasto,239,Primera A,2023,Attacker,0,0.0,50.0,0.0,,0.0,0.0,0.0,0.0
134002,Y. Torres,Torres Asprilla,26,1999-02-01,Colombia,,,False,https://media.api-sports.io/football/players/134002.png,1126,Deportivo Pasto,239,Primera A,2023,Defender,0,3.0,356.0,0.0,,0.0,0.0,0.0,0.0
134002,Y. Torres,Torres Asprilla,26,1999-02-01,Colombia,,,False,https://media.api-sports.io/football/players/134002.png,1126,Deportivo Pasto,241,Copa Colombia,2023,Defender,0,1.0,90.0,0.0,,1.0,0.0,,
195720,J. Ramos,Ramos Ramírez,27,1998-06-21,Colombia,181 cm,68 kg,False,https://media.api-sports.io/football/players/195720.png,1126,Deportivo Pasto,239,Primera A,2023,Attacker,0,3.0,352.0,0.0,,0.0,0.0,0.0,0.0
286635,F. Valencia,Valencia Martínez,28,1997-08-06,Colombia,176 cm,,False,https://media.api-sports.io/football/players/286635.png,1126,Deportivo Pasto,239,Primera A,2023,Attacker,0,5.0,441.0,0.0,,0.0,0.0,0.0,0.0
422781,D. Riascos,Riascos Ibarbo,22,2003-07-09,Colombia,,,False,https://media.api-sports.io/football/players/422781.png,1126,Deportivo Pasto,239,Primera A,2023,Midfielder,0,1.0,298.0,1.0,1.0,2.0,0.0,0.0,0.0
422781,D. Riascos,Riascos Ibarbo,22,2003-07-09,Colombia,,,False,https://media.api-sports.io/football/players/422781.png,1126,Deportivo Pasto,241,Copa Colombia,2023,Midfielder,0,1.0,73.0,0.0,,0.0,0.0,,
431877,J. Hurtado,Hurtado Castro,24,2001-04-21,Colombia,180 cm,72 kg,False,https://media.api-sports.io/football/players/431877.png,1126,Deportivo Pasto,239,Primera A,2023,Attacker,0,0.0,15.0,0.0,,0.0,0.0,0.0,0.0
431877,J. Hurtado,Hurtado Castro,24,2001-04-21,Colombia,180 cm,72 kg,False,https://media.api-sports.io/football/players/431877.png,1126,Deportivo Pasto,241,Copa Colombia,2023,Attacker,0,0.0,20.0,0.0,,0.0,0.0,,
8930,G. Mera,Mera Cáceres,34,1990-03-05,Colombia,188 cm,87 kg,False,https://media.api-sports.io/football/players/8930.png,1127,Deportivo Cali,239,Primera A,2023,Defender,0,28.0,2561.0,0.0,,6.0,0.0,0.0,0.0
8930,G. Mera,Mera Cáceres,34,1990-03-05,Colombia,188 cm,87 kg,False,https://media.api-sports.io/football/players/8930.png,1127,Deportivo Cali,241,Copa Colombia,2023,Defender,0,4.0,360.0,1.0,,3.0,0.0,,
13389,K. Moreno,Moreno Sinisterra,25,2000-07-23,Colombia,187 cm,87 kg,False,https://media.api-sports.io/football/players/13389.png,1127,Deportivo Cali,239,Primera A,2023,Defender,0,,,,,,,,
13398,Y. Congo,Congo Caicedo,27,1998-02-28,Colombia,177 cm,76 kg,False,https://media.api-sports.io/football/players/13398.png,1127,Deportivo Cali,239,Primera A,2023,Midfielder,0,9.0,764.0,0.0,,3.0,0.0,0.0,0.0
13406,K. Velasco,Velasco Bonilla,28,1997-04-30,Colombia,172 cm,65 kg,False,https://media.api-sports.io/football/players/13406.png,1127,Deportivo Cali,239,Primera A,2023,Attacker,0,18.0,1664.0,6.0,2.0,4.0,0.0,3.0,2.0
13406,K. Velasco,Velasco Bonilla,28,1997-04-30,Colombia,172 cm,65 kg,False,https://media.api-sports.io/football/players/13406.png,1127,Deportivo Cali,241,Copa Colombia,2023,Attacker,0,1.0,138.0,1.0,,2.0,0.0,,
59398,J. Madrid,Madrid Cabarcas,22,2002-01-30,Colombia,181 cm,72 kg,False,https://media.api-sports.io/football/players/59398.png,1127,Deportivo Cali,239,Primera A,2023,Defender,0,,,,,,,,
81014,J. Marsiglia,Marsiglia Carrascal,24,1999-01-19,Colombia,183 cm,72 kg,False,https://media.api-sports.io/football/players/81014.png,1127,Deportivo Cali,239,Primera A,2023,Defender,0,,,,,,,,
196851,R. Murillo,Murillo Soto,23,2002-03-17,Colombia,183 cm,76 kg,False,https://media.api-sports.io/football/players/196851.png,1127,Deportivo Cali,239,Primera A,2023,Attacker,0,0.0,64.0,0.0,,3.0,0.0,0.0,0.0
196851,R. Murillo,Murillo Soto,23,2002-03-17,Colombia,183 cm,76 kg,False,https://media.api-sports.io/football/players/196851.png,1127,Deportivo Cali,241,Copa Colombia,2023,Attacker,0,2.0,159.0,0.0,,0.0,0.0,,
197550,J. Ramírez,Ramírez Martínez,26,1999-08-22,Colombia,174 cm,73 kg,False,https://media.api-sports.io/football/players/197550.png,1127,Deportivo Cali,239,Primera A,2023,Midfielder,0,0.0,0.0,0.0,,0.0,0.0,,
288237,J. Arce,Arce Cruz,22,2002-03-29,Colombia,174 cm,68 kg,False,https://media.api-sports.io/football/players/288237.png,1127,Deportivo Cali,239,Primera A,2023,Midfielder,0,0.0,67.0,0.0,,0.0,0.0,0.0,0.0
288237,J. Arce,Arce Cruz,22,2002-03-29,Colombia,174 cm,68 kg,False,https://media.api-sports.io/football/players/288237.png,1127,Deportivo Cali,241,Copa Colombia,2023,Midfielder,0,0.0,13.0,0.0,,0.0,0.0,,
301369,J. Escobar,Escobar Salcedo,25,2000-01-15,Colombia,,,False,https://media.api-sports.io/football/players/301369.png,1127,Deportivo Cali,239,Primera A,2023,Midfielder,0,,,,,,,,
307876,D. Mina,Mina Martínez,22,2002-10-30,Colombia,179 cm,70 kg,False,https://media.api-sports.io/football/players/307876.png,1127,Deportivo Cali,239,Primera A,2023,Attacker,0,1.0,33.0,0.0,,0.0,0.0,0.0,0.0
307876,D. Mina,Mina Martínez,22,2002-10-30,Colombia,179 cm,70 kg,False,https://media.api-sports.io/football/players/307876.png,1127,Deportivo Cali,241,Copa Colombia,2023,Attacker,0,1.0,57.0,0.0,,0.0,0.0,,
330996,J. Lasso,Lasso Viveros,22,2001-12-14,Colombia,193 cm,82 kg,False,https://media.api-sports.io/football/players/330996.png,1127,Deportivo Cali,239,Primera A,2023,Goalkeeper,0,,,,,,,,
346893,J. Córdoba,Córdoba Zapata,22,2003-07-11,Colombia,171 cm,68 kg,False,https://media.api-sports.io/football/players/346893.png,1127,Deportivo Cali,239,Primera A,2023,Attacker,0,8.0,691.0,1.0,1.0,2.0,0.0,0.0,0.0
346893,J. Córdoba,Córdoba Zapata,22,2003-07-11,Colombia,171 cm,68 kg,False,https://media.api-sports.io/football/players/346893.png,1127,Deportivo Cali,241,Copa Colombia,2023,Attacker,0,0.0,100.0,0.0,,0.0,0.0,,
348840,O. Segura,Segura Solís,23,2002-12-24,Colombia,179 cm,73 kg,False,https://media.api-sports.io/football/players/348840.png,1127,Deportivo Cali,239,Primera A,2023,Midfielder,0,0.0,0.0,0.0,,0.0,0.0,0.0,0.0
348840,O. Segura,Segura Solís,23,2002-12-24,Colombia,179 cm,73 kg,False,https://media.api-sports.io/football/players/348840.png,1127,Deportivo Cali,241,Copa Colombia,2023,Midfielder,0,2.0,134.0,0.0,,1.0,0.0,,
363371,N. Ospina,Ospina Flórez,22,2003-01-27,Colombia,,,False,https://media.api-sports.io/football/players/363371.png,1127,Deportivo Cali,239,Primera A,2023,Attacker,0,2.0,294.0,0.0,1.0,0.0,0.0,0.0,0.0
363371,N. Ospina,Ospina Flórez,22,2003-01-27,Colombia,,,False,https://media.api-sports.io/football/players/363371.png,1127,Deportivo Cali,241,Copa Colombia,2023,Attacker,0,0.0,24.0,0.0,,0.0,0.0,,
372117,A. Villarreal,Villarreal Zuluaga,19,2005-07-28,Colombia,186 cm,80 kg,False,https://media.api-sports.io/football/players/372117.png,1127,Deportivo Cali,239,Primera A,2023,Attacker,0,0.0,0.0,0.0,,0.0,0.0,0.0,0.0
414429,N. Profeta,Profeta Cabrales,18,2006-02-27,Venezuela,179 cm,75 kg,False,https://media.api-sports.io/football/players/414429.png,1127,Deportivo Cali,239,Primera A,2023,Midfielder,0,0.0,54.0,0.0,,1.0,0.0,0.0,0.0
418738,F. Castañeda,Castañeda Montaño,18,2005-01-17,Colombia,,,False,https://media.api-sports.io/football/players/418738.png,1127,Deportivo Cali,239,Primera A,2023,Attacker,0,0.0,0.0,0.0,,0.0,0.0,0.0,0.0
451362,J. Barreiro,Barreiro Valencia,19,2005-06-24,Colombia,,,False,https://media.api-sports.io/football/players/451362.png,1127,Deportivo Cali,239,Primera A,2023,Defender,0,1.0,90.0,0.0,,0.0,0.0,0.0,0.0
451606,J. Moreno,Moreno Sinisterra,20,2004-05-10,Colombia,180 cm,68 kg,False,https://media.api-sports.io/football/players/451606.png,1127,Deportivo Cali,239,Primera A,2023,Attacker,0,0.0,33.0,0.0,,0.0,0.0,0.0,0.0
2392,L. Haquín,Haquín Lopez,28,1997-11-15,Bolivia,190 cm,83 kg,False,https://media.api-sports.io/football/players/2392.png,1127,Deportivo Cali,239,Primera A,2023,Defender,0,15.0,1328.0,0.0,1.0,2.0,0.0,0.0,0.0
2392,L. Haquín,Haquín Lopez,28,1997-11-15,Bolivia,190 cm,83 kg,False,https://media.api-sports.io/football/players/2392.png,1127,Deportivo Cali,241,Copa Colombia,2023,Defender,0,1.0,90.0,0.0,,1.0,0.0,,
13198,K. Viveros,Viveros Rodallega,25,2000-04-26,Colombia,180 cm,77 kg,False,https://media.api-sports.io/football/players/13198.png,1127,Deportivo Cali,239,Primera A,2023,Attacker,0,14.0,1200.0,4.0,,1.0,0.0,0.0,1.0
13198,K. Viveros,Viveros Rodallega,25,2000-04-26,Colombia,180 cm,77 kg,False,https://media.api-sports.io/football/players/13198.png,1127,Deportivo Cali,241,Copa Colombia,2023,Attacker,0,3.0,205.0,3.0,,0.0,0.0,,
13382,J. Wallens,Wallens Otálvaro,33,1992-08-03,Colombia,190 cm,75 kg,False,https://media.api-sports.io/football/players/13382.png,1127,Deportivo Cali,239,Primera A,2023,Goalkeeper,0,11.0,990.0,0.0,,0.0,0.0,0.0,0.0
13382,J. Wallens,Wallens Otálvaro,33,1992-08-03,Colombia,190 cm,75 kg,False,https://media.api-sports.io/football/players/13382.png,1127,Deportivo Cali,241,Copa Colombia,2023,Goalkeeper,0,7.0,630.0,0.0,,1.0,0.0,,
13393,A. Arroyo,Arroyo Romero,23,2002-01-20,Colombia,175 cm,68 kg,False,https://media.api-sports.io/football/players/13393.png,1127,Deportivo Cali,239,Primera A,2023,Midfielder,0,18.0,1467.0,4.0,,5.0,0.0,0.0,0.0
13393,A. Arroyo,Arroyo Romero,23,2002-01-20,Colombia,175 cm,68 kg,False,https://media.api-sports.io/football/players/13393.png,1127,Deportivo Cali,241,Copa Colombia,2023,Midfielder,0,4.0,307.0,1.0,,2.0,0.0,,
13592,T. Gutiérrez,Gutiérrez Roncancio,40,1985-05-17,Colombia,181 cm,73 kg,False,https://media.api-sports.io/football/players/13592.png,1127,Deportivo Cali,239,Primera A,2023,Attacker,0,13.0,1210.0,3.0,,3.0,1.0,0.0,0.0
13592,T. Gutiérrez,Gutiérrez Roncancio,40,1985-05-17,Colombia,181 cm,73 kg,False,https://media.api-sports.io/football/players/13592.png,1127,Deportivo Cali,241,Copa Colombia,2023,Attacker,0,1.0,90.0,0.0,,1.0,0.0,,
13714,D. Mantilla,Mantilla Ossa,29,1996-12-25,Colombia,172 cm,70 kg,False,https://media.api-sports.io/football/players/13714.png,1127,Deportivo Cali,239,Primera A,2023,Midfielder,0,17.0,1476.0,1.0,2.0,4.0,0.0,0.0,1.0
13714,D. Mantilla,Mantilla Ossa,29,1996-12-25,Colombia,172 cm,70 kg,False,https://media.api-sports.io/football/players/13714.png,1127,Deportivo Cali,241,Copa Colombia,2023,Midfielder,0,1.0,120.0,0.0,,0.0,0.0,,
36385,G. Ramírez,Ramírez Rojas,35,1990-05-13,Paraguay,181 cm,74 kg,False,https://media.api-sports.io/football/players/36385.png,1127,Deportivo Cali,239,Primera A,2023,Attacker,0,22.0,1856.0,9.0,1.0,11.0,1.0,1.0,0.0
36385,G. Ramírez,Ramírez Rojas,35,1990-05-13,Paraguay,181 cm,74 kg,False,https://media.api-sports.io/football/players/36385.png,1127,Deportivo Cali,241,Copa Colombia,2023,Attacker,0,2.0,199.0,0.0,,0.0,0.0,,
51592,K. Dawson,Dawson Blanco,33,1992-02-08,Uruguay,179 cm,83 kg,False,https://media.api-sports.io/football/players/51592.png,1127,Deportivo Cali,239,Primera A,2023,Goalkeeper,0,19.0,1710.0,0.0,,0.0,0.0,0.0,0.0
51592,K. Dawson,Dawson Blanco,33,1992-02-08,Uruguay,179 cm,83 kg,False,https://media.api-sports.io/football/players/51592.png,1127,Deportivo Cali,241,Copa Colombia,2023,Goalkeeper,0,1.0,90.0,0.0,,0.0,0.0,,
59642,A. Parra,Parra Osorio,28,1997-01-16,Colombia,178 cm,,False,https://media.api-sports.io/football/players/59642.png,1127,Deportivo Cali,239,Primera A,2023,Attacker,0,10.0,1079.0,4.0,1.0,0.0,0.0,0.0,0.0
59642,A. Parra,Parra Osorio,28,1997-01-16,Colombia,178 cm,,False,https://media.api-sports.io/football/players/59642.png,1127,Deportivo Cali,241,Copa Colombia,2023,Attacker,0,2.0,223.0,1.0,,1.0,0.0,,
79258,J. Díaz,Díaz Beleño,25,2000-12-05,Colombia,186 cm,,False,https://media.api-sports.io/football/players/79258.png,1127,Deportivo Cali,239,Primera A,2023,Defender,0,28.0,2430.0,2.0,,11.0,0.0,0.0,0.0
79258,J. Díaz,Díaz Beleño,25,2000-12-05,Colombia,186 cm,,False,https://media.api-sports.io/football/players/79258.png,1127,Deportivo Cali,241,Copa Colombia,2023,Defender,0,5.0,463.0,1.0,,2.0,0.0,,
79430,K. Riascos,Riascos Segura,30,1995-06-21,Colombia,189 cm,87 kg,False,https://media.api-sports.io/football/players/79430.png,1127,Deportivo Cali,239,Primera A,2023,Defender,0,6.0,496.0,0.0,,2.0,0.0,0.0,0.0
159163,B. Montaño,Montaño Montaño,23,2002-05-02,Colombia,176 cm,78 kg,False,https://media.api-sports.io/football/players/159163.png,1127,Deportivo Cali,239,Primera A,2023,Defender,0,19.0,1736.0,0.0,2.0,1.0,0.0,0.0,0.0
159163,B. Montaño,Montaño Montaño,23,2002-05-02,Colombia,176 cm,78 kg,False,https://media.api-sports.io/football/players/159163.png,1127,Deportivo Cali,241,Copa Colombia,2023,Defender,0,6.0,540.0,0.0,,2.0,0.0,,
197549,S. Cortes,Cortes Castillo,25,2000-08-20,Colombia,180 cm,75 kg,False,https://media.api-sports.io/football/players/197549.png,1127,Deportivo Cali,239,Primera A,2023,Midfielder,0,0.0,29.0,0.0,,0.0,0.0,0.0,0.0
197549,S. Cortes,Cortes Castillo,25,2000-08-20,Colombia,180 cm,75 kg,False,https://media.api-sports.io/football/players/197549.png,1127,Deportivo Cali,241,Copa Colombia,2023,Midfielder,0,0.0,26.0,0.0,,0.0,0.0,,
262840,J. Castilla,Castilla Lozano,21,2004-07-27,Colombia,177 cm,69 kg,False,https://media.api-sports.io/football/players/262840.png,1127,Deportivo Cali,239,Primera A,2023,Midfielder,0,7.0,649.0,0.0,1.0,2.0,0.0,0.0,0.0
262840,J. Castilla,Castilla Lozano,21,2004-07-27,Colombia,177 cm,69 kg,False,https://media.api-sports.io/football/players/262840.png,1127,Deportivo Cali,241,Copa Colombia,2023,Midfielder,0,0.0,0.0,0.0,,0.0,0.0,,
297646,D. Luna,Luna García,22,2003-05-07,Colombia,179 cm,66 kg,False,https://media.api-sports.io/football/players/297646.png,1127,Deportivo Cali,239,Primera A,2023,Midfielder,0,0.0,0.0,0.0,,0.0,0.0,,
301781,J. Franco,Franco Caicedo,23,2002-01-02,Colombia,179 cm,70 kg,False,https://media.api-sports.io/football/players/301781.png,1127,Deportivo Cali,239,Primera A,2023,Defender,0,19.0,1609.0,0.0,,9.0,0.0,0.0,0.0
301781,J. Franco,Franco Caicedo,23,2002-01-02,Colombia,179 cm,70 kg,False,https://media.api-sports.io/football/players/301781.png,1127,Deportivo Cali,241,Copa Colombia,2023,Defender,0,3.0,278.0,0.0,,1.0,0.0,,
307873,E. Camargo,Camargo Rodríguez,23,2002-01-04,Colombia,180 cm,74 kg,False,https://media.api-sports.io/football/players/307873.png,1127,Deportivo Cali,239,Primera A,2023,Midfielder,0,8.0,985.0,0.0,,1.0,0.0,0.0,0.0
307873,E. Camargo,Camargo Rodríguez,23,2002-01-04,Colombia,180 cm,74 kg,False,https://media.api-sports.io/football/players/307873.png,1127,Deportivo Cali,241,Copa Colombia,2023,Midfielder,0,6.0,509.0,0.0,,2.0,0.0,,
360986,M. Sánchez,Sánchez Tabares,23,2002-09-26,Colombia,187 cm,81 kg,False,https://media.api-sports.io/football/players/360986.png,1127,Deportivo Cali,239,Primera A,2023,Goalkeeper,0,0.0,0.0,0.0,,0.0,0.0,0.0,0.0
360986,M. Sánchez,Sánchez Tabares,23,2002-09-26,Colombia,187 cm,81 kg,False,https://media.api-sports.io/football/players/360986.png,1127,Deportivo Cali,241,Copa Colombia,2023,Goalkeeper,0,0.0,0.0,0.0,,0.0,0.0,,
362888,J. Mina,Mina González,21,2004-07-27,Colombia,183 cm,78 kg,False,https://media.api-sports.io/football/players/362888.png,1127,Deportivo Cali,239,Primera A,2023,Defender,0,1.0,152.0,0.0,1.0,0.0,0.0,0.0,0.0
362888,J. Mina,Mina González,21,2004-07-27,Colombia,183 cm,78 kg,False,https://media.api-sports.io/football/players/362888.png,1127,Deportivo Cali,241,Copa Colombia,2023,Defender,0,3.0,214.0,0.0,,0.0,0.0,,
451946,J. Azcarate,Azcarate Viveros,20,2005-05-30,Colombia,,,False,https://media.api-sports.io/football/players/451946.png,1127,Deportivo Cali,239,Primera A,2023,Goalkeeper,0,0.0,0.0,0.0,,0.0,0.0,0.0,0.0
13157,J. Vásquez,Vásquez Anaya,30,1995-02-12,Colombia,176 cm,78 kg,False,https://media.api-sports.io/football/players/13157.png,1127,Deportivo Cali,239,Primera A,2023,Attacker,0,26.0,2310.0,2.0,4.0,10.0,1.0,0.0,1.0
13157,J. Vásquez,Vásquez Anaya,30,1995-02-12,Colombia,176 cm,78 kg,False,https://media.api-sports.io/football/players/13157.png,1127,Deportivo Cali,241,Copa Colombia,2023,Attacker,0,6.0,589.0,2.0,,1.0,1.0,,
26921,F. Castro,Castro Barros,33,1992-02-21,Colombia,183 cm,74 kg,False,https://media.api-sports.io/football/players/26921.png,1127,Deportivo Cali,239,Primera A,2023,Midfielder,0,34.0,2738.0,2.0,,11.0,1.0,0.0,0.0
26921,F. Castro,Castro Barros,33,1992-02-21,Colombia,183 cm,74 kg,False,https://media.api-sports.io/football/players/26921.png,1127,Deportivo Cali,241,Copa Colombia,2023,Midfielder,0,5.0,461.0,0.0,,1.0,0.0,,
59414,L. Sandoval,Sandoval Oyola,26,1999-06-01,Colombia,184 cm,70 kg,False,https://media.api-sports.io/football/players/59414.png,1127,Deportivo Cali,239,Primera A,2023,Attacker,0,19.0,1626.0,9.0,2.0,6.0,2.0,2.0,1.0
59414,L. Sandoval,Sandoval Oyola,26,1999-06-01,Colombia,184 cm,70 kg,False,https://media.api-sports.io/football/players/59414.png,1127,Deportivo Cali,241,Copa Colombia,2023,Attacker,0,1.0,134.0,1.0,,1.0,0.0,,
59887,A. Gutiérrez,Gutiérrez Toncel,27,1998-06-17,Colombia,176 cm,73 kg,False,https://media.api-sports.io/football/players/59887.png,1127,Deportivo Cali,239,Primera A,2023,Defender,0,25.0,2323.0,0.0,2.0,8.0,0.0,0.0,1.0
59887,A. Gutiérrez,Gutiérrez Toncel,27,1998-06-17,Colombia,176 cm,73 kg,False,https://media.api-sports.io/football/players/59887.png,1127,Deportivo Cali,241,Copa Colombia,2023,Defender,0,2.0,228.0,0.0,,1.0,0.0,,
59906,K. Salazar,Salazar Sandoval,28,1997-11-11,Colombia,178 cm,74 kg,False,https://media.api-sports.io/football/players/59906.png,1127,Deportivo Cali,239,Primera A,2023,Midfielder,0,20.0,1848.0,0.0,,7.0,0.0,0.0,0.0
59906,K. Salazar,Salazar Sandoval,28,1997-11-11,Colombia,178 cm,74 kg,False,https://media.api-sports.io/football/players/59906.png,1127,Deportivo Cali,241,Copa Colombia,2023,Midfielder,0,3.0,263.0,0.0,,0.0,0.0,,
80989,H. Acevedo,Acevedo Serrano,28,1997-05-23,Colombia,185 cm,81 kg,False,https://media.api-sports.io/football/players/80989.png,1127,Deportivo Cali,239,Primera A,2023,Goalkeeper,0,0.0,0.0,0.0,,0.0,0.0,,
80989,H. Acevedo,Acevedo Serrano,28,1997-05-23,Colombia,185 cm,81 kg,False,https://media.api-sports.io/football/players/80989.png,1127,Deportivo Cali,241,Copa Colombia,2023,Goalkeeper,0,0.0,0.0,0.0,,0.0,0.0,,
125220,R. Bustamante,Bustamante Cantillo,26,1999-10-02,Colombia,,,False,https://media.api-sports.io/football/players/125220.png,1127,Deportivo Cali,239,Primera A,2023,Midfielder,0,12.0,1045.0,0.0,1.0,4.0,0.0,0.0,0.0
125220,R. Bustamante,Bustamante Cantillo,26,1999-10-02,Colombia,,,False,https://media.api-sports.io/football/players/125220.png,1127,Deportivo Cali,241,Copa Colombia,2023,Midfielder,0,1.0,53.0,0.0,,1.0,0.0,,
195720,J. Ramos,Ramos Ramírez,27,1998-06-21,Colombia,181 cm,68 kg,False,https://media.api-sports.io/football/players/195720.png,1127,Deportivo Cali,239,Primera A,2023,Attacker,0,0.0,79.0,0.0,,0.0,0.0,0.0,0.0
195720,J. Ramos,Ramos Ramírez,27,1998-06-21,Colombia,181 cm,68 kg,False,https://media.api-sports.io/football/players/195720.png,1127,Deportivo Cali,241,Copa Colombia,2023,Attacker,0,2.0,128.0,1.0,,0.0,0.0,,
200150,J. Caldera,Caldera Alvis,23,2002-02-04,Colombia,185 cm,79 kg,False,https://media.api-sports.io/football/players/200150.png,1127,Deportivo Cali,239,Primera A,2023,Defender,0,7.0,674.0,0.0,,5.0,0.0,0.0,0.0
200150,J. Caldera,Caldera Alvis,23,2002-02-04,Colombia,185 cm,79 kg,False,https://media.api-sports.io/football/players/200150.png,1127,Deportivo Cali,241,Copa Colombia,2023,Defender,0,2.0,185.0,0.0,,1.0,0.0,,
200155,O. Acosta,Acosta Barrera,25,2000-01-17,Colombia,,,False,https://media.api-sports.io/football/players/200155.png,1127,Deportivo Cali,239,Primera A,2023,Defender,0,18.0,1548.0,0.0,,6.0,0.0,0.0,0.0
200155,O. Acosta,Acosta Barrera,25,2000-01-17,Colombia,,,False,https://media.api-sports.io/football/players/200155.png,1127,Deportivo Cali,241,Copa Colombia,2023,Defender,0,1.0,90.0,0.0,,0.0,0.0,,
207918,J. Tello,Tello Perlaza,23,2002-05-17,Colombia,179 cm,75 kg,False,https://media.api-sports.io/football/players/207918.png,1127,Deportivo Cali,239,Primera A,2023,Defender,0,12.0,1025.0,0.0,,3.0,0.0,0.0,0.0
207918,J. Tello,Tello Perlaza,23,2002-05-17,Colombia,179 cm,75 kg,False,https://media.api-sports.io/football/players/207918.png,1127,Deportivo Cali,241,Copa Colombia,2023,Defender,0,1.0,119.0,0.0,,0.0,0.0,,
306716,A. Rodríguez,Rodríguez Bahena,24,2001-01-12,Panama,181 cm,70 kg,False,https://media.api-sports.io/football/players/306716.png,1127,Deportivo Cali,239,Primera A,2023,Goalkeeper,0,16.0,1440.0,0.0,,1.0,0.0,0.0,0.0
306716,A. Rodríguez,Rodríguez Bahena,24,2001-01-12,Panama,181 cm,70 kg,False,https://media.api-sports.io/football/players/306716.png,1127,Deportivo Cali,241,Copa Colombia,2023,Goalkeeper,0,0.0,0.0,0.0,,0.0,0.0,,
307870,G. Cabezas,Cabezas Rodríguez,22,2003-01-01,Colombia,180 cm,76 kg,False,https://media.api-sports.io/football/players/307870.png,1127,Deportivo Cali,239,Primera A,2023,Midfielder,0,13.0,990.0,0.0,1.0,3.0,0.0,0.0,0.0
307870,G. Cabezas,Cabezas Rodríguez,22,2003-01-01,Colombia,180 cm,76 kg,False,https://media.api-sports.io/football/players/307870.png,1127,Deportivo Cali,241,Copa Colombia,2023,Midfielder,0,1.0,117.0,0.0,,0.0,0.0,,
310208,J. Lasso,Lasso Aranguren,23,2002-07-14,Colombia,173 cm,,False,https://media.api-sports.io/football/players/310208.png,1127,Deportivo Cali,239,Primera A,2023,Attacker,0,4.0,365.0,0.0,,0.0,0.0,0.0,0.0
313659,K. Saucedo,Saucedo Mosquera,25,2000-02-28,Colombia,193 cm,82 kg,False,https://media.api-sports.io/football/players/313659.png,1127,Deportivo Cali,239,Primera A,2023,Defender,0,2.0,198.0,0.0,,0.0,0.0,0.0,0.0
313659,K. Saucedo,Saucedo Mosquera,25,2000-02-28,Colombia,193 cm,82 kg,False,https://media.api-sports.io/football/players/313659.png,1127,Deportivo Cali,241,Copa Colombia,2023,Defender,0,5.0,393.0,0.0,,2.0,0.0,,
374581,A. Palacios,Palacios Hernández,21,2004-06-07,Venezuela,186 cm,82 kg,False,https://media.api-sports.io/football/players/374581.png,1127,Deportivo Cali,239,Primera A,2023,Defender,0,0.0,0.0,0.0,,0.0,0.0,,
391274,J. Cabal,Cabal Moreno,22,2003-10-12,Colombia,,,False,https://media.api-sports.io/football/players/391274.png,1127,Deportivo Cali,239,Primera A,2023,Attacker,0,3.0,299.0,1.0,,0.0,0.0,0.0,0.0
391274,J. Cabal,Cabal Moreno,22,2003-10-12,Colombia,,,False,https://media.api-sports.io/football/players/391274.png,1127,Deportivo Cali,241,Copa Colombia,2023,Attacker,0,3.0,281.0,1.0,,0.0,0.0,,
451605,J. Arango,Arango Tenorio,18,2007-06-16,Colombia,,,False,https://media.api-sports.io/football/players/451605.png,1127,Deportivo Cali,239,Primera A,2023,Attacker,0,1.0,57.0,0.0,,0.0,0.0,0.0,0.0
451944,F. Moreno,Moreno Palomeque,20,2005-04-06,Colombia,,,False,https://media.api-sports.io/football/players/451944.png,1127,Deportivo Cali,239,Primera A,2023,Midfielder,0,0.0,13.0,0.0,,0.0,0.0,0.0,0.0
